Workbook

Sheet GeneralSbs
A1: Index | B1: Name | C1: Group | D1: Sex | E1: Weight1 | F1: Weight2 | G1: Height1 | H1: Height2 | I1: WPX_1J1 | J1: WPX_1J2 | K1: Step_Width_1J_11 | L1: Step_Width_1J_12 | M1: Step_Width_1J_21 | N1: Step_Width_1J_22 | O1: TFlight_1J1 | P1: TFlight_1J2 | Q1: Elevation_1J1 | R1: Elevation_1J2 | S1: Jumps1 | T1: Jumps2 | U1: TFlight1 | V1: TFlight2 | W1: TContact1 | X1: TContact2 | Y1: Elevation1 | Z1: Elevation2 | AA1: Power1 | AB1: Power2 | AC1: Pace1 | AD1: Pace2 | AE1: RSI1 | AF1: RSI2 | AG1: WPX1 | AH1: WPX2 | AI1: WPY1 | AJ1: WPY2 | AK1: Step_Width1 | AL1: Step_Width2 | AM1: Distance1 | AN1: Distance2 | AO1: TTotal_Sum1 | AP1: TTotal_Sum2 | AQ1: TTotal_Avg1 | AR1: TTotal_Avg2 | AS1: Slope_TF1 | AT1: Slope_TF2 | AU1: Slope_TC1 | AV1: Slope_TC2 | AW1: Slope_E1 | AX1: Slope_E2 | AY1: Slope_Pw1 | AZ1: Slope_Pw2 | BA1: Slope_Pace1 | BB1: Slope_Pace2 | BC1: Slope_RSI1 | BD1: Slope_RSI2 | BE1: Slope_Step_Width1 | BF1: Slope_Step_Width2 | BG1: Slope_Distance1 | BH1: Slope_Distance2 | BI1: Bosco_TFlight1 | BJ1: Bosco_TFlight2 | BK1: Bosco_TContact1 | BL1: Bosco_TContact2 | BM1: Bosco_Elevation1 | BN1: Bosco_Elevation2 | BO1: Bosco_Power1 | BP1: Bosco_Power2 | BQ1: Bosco_Pace1 | BR1: Bosco_Pace2 | BS1: Bosco_RSI1 | BT1: Bosco_RSI2 | BU1: Bosco_Step_Width1 | BV1: Bosco_Step_Width2 | BW1: Bosco_Distance1 | BX1: Bosco_Distance2
A2: 1 | B2: o1 | C2: J | D2: F | E2: 69 | F2: 69 | G2: 158 | H2: 158 | I2: 1.1 | J2: -0.5 | K2: 24 | L2: 24 | M2: 27.1 | N2: 27.1 | O2: 0.396 | P2: 0.369 | Q2: 19.2 | R2: 16.7 | S2: 122 | T2: 124 | U2: 0.18412295 | V2: 0.16104839 | W2: 0.30944628 | X2: 0.32708943 | Y2: 4.3245902 | Z2: 3.2741935 | AA2: 7.4688274 | AB2: 5.8460016 | AC2: 2.0526649 | AD2: 2.0547325 | AE2: 0.15572703 | AF2: 0.10117561 | AG2: 10.163636 | AH2: 10.243902 | AI2: 2.9793388 | AJ2: 11.03252 | AK2: 501.20164 | AL2: 476.27177 | AM2: 5.5264096 | AN2: 4.4966563 | AO2: 59.906 | AP2: 60.202 | AQ2: 0.49103279 | AR2: 0.4855 | AS2: =SLOPE(TFlight!G2:FR2,TPoints!G2:FR2) -> -0.0012364034 | AT2: =SLOPE(TFlight!G42:FR42,TPoints!G42:FR42) -> -0.0012670095 | AU2: =SLOPE(TContact!H2:FR2,TPoints!H2:FR2) -> 0.00026183766 | AV2: =SLOPE(TContact!H42:FR42,TPoints!H42:FR42) -> 0.00072463097 | AW2: =SLOPE(Elevation!G2:FR2,TPoints!G2:FR2) -> -0.057057162 | AX2: =SLOPE(Elevation!G42:FR42,TPoints!G42:FR42) -> -0.049776713 | AY2: =SLOPE(Power!H2:FR2,TPoints!H2:FR2) -> -0.069713536 | AZ2: =SLOPE(Power!H42:FR42,TPoints!H42:FR42) -> -0.063518209 | BA2: =SLOPE(Pace!H2:FR2,TPoints!H2:FR2) -> 0.0036433542 | BB2: =SLOPE(Pace!H42:FR42,TPoints!H42:FR42) -> 0.0022314602 | BC2: =SLOPE(RSI!H2:FR2,TPoints!H2:FR2) -> -0.0020763793 | BD2: =SLOPE(RSI!H42:FR42,TPoints!H42:FR42) -> -0.0017175797 | BE2: =SLOPE(StepWidth!G2:FR2,TPoints!G2:FR2) -> -1.481837 | BF2: =SLOPE(StepWidth!G42:FR42,TPoints!G42:FR42) -> 0.90641361 | BG2: =SLOPE(Distance!H2:FR2,TPoints!H2:FR2) -> -0.042946386 | BH2: =SLOPE(Distance!H42:FR42,TPoints!H42:FR42) -> -0.017482676 | BI2: =100*(MAX(TFlight!G2:FR2)-MIN(TFlight!G2:FR2))/MAX(TFlight!G2:FR2) -> 74.948665 | BJ2: =100*(MAX(TFlight!G42:FR42)-MIN(TFlight!G42:FR42))/MAX(TFlight!G42:FR42) -> 60.683761 | BK2: =100*(MAX(TContact!H2:FR2)-MIN(TContact!H2:FR2))/MAX(TContact!H2:FR2) -> 95.05814 | BL2: =100*(MAX(TContact!H42:FR42)-MIN(TContact!H42:FR42))/MAX(TContact!H42:FR42) -> 29.081633 | BM2: =100*(MAX(Elevation!G2:FR2)-MIN(Elevation!G2:FR2))/MAX(Elevation!G2:FR2) -> 93.814433 | BN2: =100*(MAX(Elevation!G42:FR42)-MIN(Elevation!G42:FR42))/MAX(Elevation!G42:FR42) -> 85.074627 | BO2: =100*(MAX(Power!H2:FR2)-MIN(Power!H2:FR2))/MAX(Power!H2:FR2) -> 91.533225 | BP2: =100*(MAX(Power!H42:FR42)-MIN(Power!H42:FR42))/MAX(Power!H42:FR42) -> 70.429054 | BQ2: =100*(MAX(Pace!H2:FR2)-MIN(Pace!H2:FR2))/MAX(Pace!H2:FR2) -> 76.448829 | BR2: =100*(MAX(Pace!H42:FR42)-MIN(Pace!H42:FR42))/MAX(Pace!H42:FR42) -> 18.35206 | BS2: =100*(MAX(RSI!H2:FR2)-MIN(RSI!H2:FR2))/MAX(RSI!H2:FR2) -> 97.581792 | BT2: =100*(MAX(RSI!H42:FR42)-MIN(RSI!H42:FR42))/MAX(RSI!H42:FR42) -> 86.143411 | BU2: =100*(MAX(StepWidth!G2:FR2)-MIN(StepWidth!G2:FR2))/MAX(StepWidth!G2:FR2) -> 84.515746 | BV2: =100*(MAX(StepWidth!G42:FR42)-MIN(StepWidth!G42:FR42))/MAX(StepWidth!G42:FR42) -> 61.673062 | BW2: =100*(MAX(Distance!H2:FR2)-MIN(Distance!H2:FR2))/MAX(Distance!H2:FR2) -> 94.867406 | BX2: =100*(MAX(Distance!H42:FR42)-MIN(Distance!H42:FR42))/MAX(Distance!H42:FR42) -> 100
A3: 2 | B3: o2 | C3: B | D3: M | E3: 70 | F3: 70 | G3: 157 | H3: 157 | I3: 0 | J3: -5.7 | K3: 0 | L3: 30.2 | M3: 42.7 | N3: 32.3 | O3: 0.348 | P3: 0.434 | Q3: 14.8 | R3: 23.1 | S3: 135 | T3: 155 | U3: 0.18534815 | V3: 0.11282581 | W3: 0.26132836 | X3: 0.27651948 | Y3: 4.3511111 | Z3: 1.6064516 | AA3: 7.7648689 | AB3: 3.8734844 | AC3: 2.247888 | AD3: 2.5726713 | AE3: 0.16911416 | AF3: 0.058829085 | AG3: 3.9529851 | AH3: 2.3987013 | AI3: 7.0470149 | AJ3: 14.648052 | AK3: 778.53926 | AL3: 853.12323 | AM3: 7.5052544 | AN3: 2.7151638 | AO3: 60.04 | AP3: 60.072 | AQ3: 0.44474074 | AR3: 0.38756129 | AS3: =SLOPE(TFlight!G3:FR3,TPoints!G3:FR3) -> -0.0014249813 | AT3: =SLOPE(TFlight!G43:FR43,TPoints!G43:FR43) -> -0.00071513662 | AU3: =SLOPE(TContact!H3:FR3,TPoints!H3:FR3) -> 0.00038717841 | AV3: =SLOPE(TContact!H43:FR43,TPoints!H43:FR43) -> 0.00014625034 | AW3: =SLOPE(Elevation!G3:FR3,TPoints!G3:FR3) -> -0.067642414 | AX3: =SLOPE(Elevation!G43:FR43,TPoints!G43:FR43) -> -0.019710871 | AY3: =SLOPE(Power!H3:FR3,TPoints!H3:FR3) -> -0.092408945 | AZ3: =SLOPE(Power!H43:FR43,TPoints!H43:FR43) -> -0.033158718 | BA3: =SLOPE(Pace!H3:FR3,TPoints!H3:FR3) -> 0.0051172557 | BB3: =SLOPE(Pace!H43:FR43,TPoints!H43:FR43) -> 0.0039330379 | BC3: =SLOPE(RSI!H3:FR3,TPoints!H3:FR3) -> -0.0029524293 | BD3: =SLOPE(RSI!H43:FR43,TPoints!H43:FR43) -> -0.00077944926 | BE3: =SLOPE(StepWidth!G3:FR3,TPoints!G3:FR3) -> -1.8888534 | BF3: =SLOPE(StepWidth!G43:FR43,TPoints!G43:FR43) -> -2.9011066 | BG3: =SLOPE(Distance!H3:FR3,TPoints!H3:FR3) -> 0.014513489 | BH3: =SLOPE(Distance!H43:FR43,TPoints!H43:FR43) -> -0.009033545 | BI3: =100*(MAX(TFlight!G3:FR3)-MIN(TFlight!G3:FR3))/MAX(TFlight!G3:FR3) -> 58.695652 | BJ3: =100*(MAX(TFlight!G43:FR43)-MIN(TFlight!G43:FR43))/MAX(TFlight!G43:FR43) -> 68.235294 | BK3: =100*(MAX(TContact!H3:FR3)-MIN(TContact!H3:FR3))/MAX(TContact!H3:FR3) -> 30.718954 | BL3: =100*(MAX(TContact!H43:FR43)-MIN(TContact!H43:FR43))/MAX(TContact!H43:FR43) -> 19.354839 | BM3: =100*(MAX(Elevation!G3:FR3)-MIN(Elevation!G3:FR3))/MAX(Elevation!G3:FR3) -> 82.795699 | BN3: =100*(MAX(Elevation!G43:FR43)-MIN(Elevation!G43:FR43))/MAX(Elevation!G43:FR43) -> 88.571429 | BO3: =100*(MAX(Power!H3:FR3)-MIN(Power!H3:FR3))/MAX(Power!H3:FR3) -> 73.617815 | BP3: =100*(MAX(Power!H43:FR43)-MIN(Power!H43:FR43))/MAX(Power!H43:FR43) -> 77.594258 | BQ3: =100*(MAX(Pace!H3:FR3)-MIN(Pace!H3:FR3))/MAX(Pace!H3:FR3) -> 22.957198 | BR3: =100*(MAX(Pace!H43:FR43)-MIN(Pace!H43:FR43))/MAX(Pace!H43:FR43) -> 20.909091 | BS3: =100*(MAX(RSI!H3:FR3)-MIN(RSI!H3:FR3))/MAX(RSI!H3:FR3) -> 86.331399 | BT3: =100*(MAX(RSI!H43:FR43)-MIN(RSI!H43:FR43))/MAX(RSI!H43:FR43) -> 90.33557 | BU3: =100*(MAX(StepWidth!G3:FR3)-MIN(StepWidth!G3:FR3))/MAX(StepWidth!G3:FR3) -> 67.538708 | BV3: =100*(MAX(StepWidth!G43:FR43)-MIN(StepWidth!G43:FR43))/MAX(StepWidth!G43:FR43) -> 47.376177 | BW3: =100*(MAX(Distance!H3:FR3)-MIN(Distance!H3:FR3))/MAX(Distance!H3:FR3) -> 100 | BX3: =100*(MAX(Distance!H43:FR43)-MIN(Distance!H43:FR43))/MAX(Distance!H43:FR43) -> 100
A4: 3 | B4: o3 | C4: J | D4: F | E4: 67 | F4: 67 | G4: 156 | H4: 156 | I4: 5.8 | J4: -5.8 | K4: 22.9 | L4: 20.8 | M4: 43.8 | N4: 22.9 | O4: 0.441 | P4: 0.41 | Q4: 23.8 | R4: 20.6 | S4: 105 | T4: 148 | U4: 0.27706667 | V4: 0.16422973 | W4: 0.29490385 | X4: 0.244 | Y4: 9.5580952 | Z4: 3.3581081 | AA4: 13.118771 | AB4: 6.6882934 | AC4: 1.7594164 | AD4: 2.4524987 | AE4: 0.32950798 | AF4: 0.13937434 | AG4: 9.2961538 | AH4: 4.2367347 | AI4: 5.8153846 | AJ4: 5.4054422 | AK4: 732.44571 | AL4: 315.01757 | AM4: 11.384442 | AN4: 3.9984232 | AO4: 59.762 | AP4: 60.174 | AQ4: 0.5691619 | AR4: 0.40658108 | AS4: =SLOPE(TFlight!G4:FR4,TPoints!G4:FR4) -> -0.0013306825 | AT4: =SLOPE(TFlight!G44:FR44,TPoints!G44:FR44) -> 0.0002711417 | AU4: =SLOPE(TContact!H4:FR4,TPoints!H4:FR4) -> -0.00022116082 | AV4: =SLOPE(TContact!H44:FR44,TPoints!H44:FR44) -> 7.5728396e-06 | AW4: =SLOPE(Elevation!G4:FR4,TPoints!G4:FR4) -> -0.084553303 | AX4: =SLOPE(Elevation!G44:FR44,TPoints!G44:FR44) -> 0.011937827 | AY4: =SLOPE(Power!H4:FR4,TPoints!H4:FR4) -> -0.088587874 | AZ4: =SLOPE(Power!H44:FR44,TPoints!H44:FR44) -> 0.015670324 | BA4: =SLOPE(Pace!H4:FR4,TPoints!H4:FR4) -> 0.0045518142 | BB4: =SLOPE(Pace!H44:FR44,TPoints!H44:FR44) -> -0.0015395972 | BC4: =SLOPE(RSI!H4:FR4,TPoints!H4:FR4) -> -0.0028536843 | BD4: =SLOPE(RSI!H44:FR44,TPoints!H44:FR44) -> 0.00049563862 | BE4: =SLOPE(StepWidth!G4:FR4,TPoints!G4:FR4) -> 3.2431868 | BF4: =SLOPE(StepWidth!G44:FR44,TPoints!G44:FR44) -> 0.18613512 | BG4: =SLOPE(Distance!H4:FR4,TPoints!H4:FR4) -> -0.031273173 | BH4: =SLOPE(Distance!H44:FR44,TPoints!H44:FR44) -> 0.015125209 | BI4: =100*(MAX(TFlight!G4:FR4)-MIN(TFlight!G4:FR4))/MAX(TFlight!G4:FR4) -> 58.181818 | BJ4: =100*(MAX(TFlight!G44:FR44)-MIN(TFlight!G44:FR44))/MAX(TFlight!G44:FR44) -> 51.304348 | BK4: =100*(MAX(TContact!H4:FR4)-MIN(TContact!H4:FR4))/MAX(TContact!H4:FR4) -> 65.363128 | BL4: =100*(MAX(TContact!H44:FR44)-MIN(TContact!H44:FR44))/MAX(TContact!H44:FR44) -> 24.647887 | BM4: =100*(MAX(Elevation!G4:FR4)-MIN(Elevation!G4:FR4))/MAX(Elevation!G4:FR4) -> 82.706767 | BN4: =100*(MAX(Elevation!G44:FR44)-MIN(Elevation!G44:FR44))/MAX(Elevation!G44:FR44) -> 76.923077 | BO4: =100*(MAX(Power!H4:FR4)-MIN(Power!H4:FR4))/MAX(Power!H4:FR4) -> 73.815731 | BP4: =100*(MAX(Power!H44:FR44)-MIN(Power!H44:FR44))/MAX(Power!H44:FR44) -> 63.795774 | BQ4: =100*(MAX(Pace!H4:FR4)-MIN(Pace!H4:FR4))/MAX(Pace!H4:FR4) -> 54.618474 | BR4: =100*(MAX(Pace!H44:FR44)-MIN(Pace!H44:FR44))/MAX(Pace!H44:FR44) -> 23.75 | BS4: =100*(MAX(RSI!H4:FR4)-MIN(RSI!H4:FR4))/MAX(RSI!H4:FR4) -> 87.306202 | BT4: =100*(MAX(RSI!H44:FR44)-MIN(RSI!H44:FR44))/MAX(RSI!H44:FR44) -> 77.980035 | BU4: =100*(MAX(StepWidth!G4:FR4)-MIN(StepWidth!G4:FR4))/MAX(StepWidth!G4:FR4) -> 52.590314 | BV4: =100*(MAX(StepWidth!G44:FR44)-MIN(StepWidth!G44:FR44))/MAX(StepWidth!G44:FR44) -> 60.880881 | BW4: =100*(MAX(Distance!H4:FR4)-MIN(Distance!H4:FR4))/MAX(Distance!H4:FR4) -> 100 | BX4: =100*(MAX(Distance!H44:FR44)-MIN(Distance!H44:FR44))/MAX(Distance!H44:FR44) -> 100
A5: 4 | B5: o4 | C5: B | D5: F | E5: 63 | F5: 63 | G5: 151 | H5: 151 | I5: -6.3 | J5: -1.5 | K5: 24 | L5: 25 | M5: 25 | N5: 27.1 | O5: 0.352 | P5: 0.288 | Q5: 15.2 | R5: 10.2 | S5: 122 | T5: 140 | U5: 0.23113115 | V5: 0.11215714 | W5: 0.26495868 | X5: 0.31936691 | Y5: 6.707377 | Z5: 1.5578571 | AA5: 10.580177 | AB5: 3.6558787 | AC5: 2.0242633 | AD5: 2.3202023 | AE5: 0.25670932 | AF5: 0.049057882 | AG5: 6.1471074 | AH5: 8.0820144 | AI5: 14.550413 | AJ5: 8.7388489 | AK5: 447.20164 | AL5: 633.07429 | AM5: 6.9325309 | AN5: 2.984601 | AO5: 60.258 | AP5: 60.094 | AQ5: 0.49391803 | AR5: 0.42924286 | AS5: =SLOPE(TFlight!G5:FR5,TPoints!G5:FR5) -> -0.0010880268 | AT5: =SLOPE(TFlight!G45:FR45,TPoints!G45:FR45) -> -0.00026858917 | AU5: =SLOPE(TContact!H5:FR5,TPoints!H5:FR5) -> 0.00020250929 | AV5: =SLOPE(TContact!H45:FR45,TPoints!H45:FR45) -> 0.00043107786 | AW5: =SLOPE(Elevation!G5:FR5,TPoints!G5:FR5) -> -0.062688248 | AX5: =SLOPE(Elevation!G45:FR45,TPoints!G45:FR45) -> -0.0075719827 | AY5: =SLOPE(Power!H5:FR5,TPoints!H5:FR5) -> -0.073324366 | AZ5: =SLOPE(Power!H45:FR45,TPoints!H45:FR45) -> -0.01177754 | BA5: =SLOPE(Pace!H5:FR5,TPoints!H5:FR5) -> 0.0033908977 | BB5: =SLOPE(Pace!H45:FR45,TPoints!H45:FR45) -> -0.00096159125 | BC5: =SLOPE(RSI!H5:FR5,TPoints!H5:FR5) -> -0.0024366125 | BD5: =SLOPE(RSI!H45:FR45,TPoints!H45:FR45) -> -0.00029440403 | BE5: =SLOPE(StepWidth!G5:FR5,TPoints!G5:FR5) -> -0.5049609 | BF5: =SLOPE(StepWidth!G45:FR45,TPoints!G45:FR45) -> -0.71146441 | BG5: =SLOPE(Distance!H5:FR5,TPoints!H5:FR5) -> -0.0016277799 | BH5: =SLOPE(Distance!H45:FR45,TPoints!H45:FR45) -> 0.010562349 | BI5: =100*(MAX(TFlight!G5:FR5)-MIN(TFlight!G5:FR5))/MAX(TFlight!G5:FR5) -> 51.851852 | BJ5: =100*(MAX(TFlight!G45:FR45)-MIN(TFlight!G45:FR45))/MAX(TFlight!G45:FR45) -> 47.945205 | BK5: =100*(MAX(TContact!H5:FR5)-MIN(TContact!H5:FR5))/MAX(TContact!H5:FR5) -> 30.434783 | BL5: =100*(MAX(TContact!H45:FR45)-MIN(TContact!H45:FR45))/MAX(TContact!H45:FR45) -> 23.076923 | BM5: =100*(MAX(Elevation!G5:FR5)-MIN(Elevation!G5:FR5))/MAX(Elevation!G5:FR5) -> 76.744186 | BN5: =100*(MAX(Elevation!G45:FR45)-MIN(Elevation!G45:FR45))/MAX(Elevation!G45:FR45) -> 73.076923 | BO5: =100*(MAX(Power!H5:FR5)-MIN(Power!H5:FR5))/MAX(Power!H5:FR5) -> 68.315392 | BP5: =100*(MAX(Power!H45:FR45)-MIN(Power!H45:FR45))/MAX(Power!H45:FR45) -> 56.777251 | BQ5: =100*(MAX(Pace!H5:FR5)-MIN(Pace!H5:FR5))/MAX(Pace!H5:FR5) -> 26.804124 | BR5: =100*(MAX(Pace!H45:FR45)-MIN(Pace!H45:FR45))/MAX(Pace!H45:FR45) -> 10.964912 | BS5: =100*(MAX(RSI!H5:FR5)-MIN(RSI!H5:FR5))/MAX(RSI!H5:FR5) -> 81.36646 | BT5: =100*(MAX(RSI!H45:FR45)-MIN(RSI!H45:FR45))/MAX(RSI!H45:FR45) -> 77.6 | BU5: =100*(MAX(StepWidth!G5:FR5)-MIN(StepWidth!G5:FR5))/MAX(StepWidth!G5:FR5) -> 66.662015 | BV5: =100*(MAX(StepWidth!G45:FR45)-MIN(StepWidth!G45:FR45))/MAX(StepWidth!G45:FR45) -> 28.88525 | BW5: =100*(MAX(Distance!H5:FR5)-MIN(Distance!H5:FR5))/MAX(Distance!H5:FR5) -> 99.452045 | BX5: =100*(MAX(Distance!H45:FR45)-MIN(Distance!H45:FR45))/MAX(Distance!H45:FR45) -> 100
A6: 5 | B6: o5 | C6: J | D6: M | E6: 58 | F6: 58 | G6: 146 | H6: 146 | I6: 6.8 | J6: -17.2 | K6: 24 | L6: 26 | M6: 47.9 | N6: 29.2 | O6: 0.437 | P6: 0.435 | Q6: 23.4 | R6: 23.2 | S6: 104 | T6: 156 | U6: 0.29269231 | V6: 0.13394872 | W6: 0.28415534 | X6: 0.25207742 | Y6: 10.629808 | Z6: 2.2961538 | AA6: 14.446068 | AB6: 5.3022272 | AC6: 1.7386097 | AD6: 2.6264175 | AE6: 0.37799077 | AF6: 0.10604977 | AG6: 9.2563107 | AH6: 8.8464516 | AI6: 10.61165 | AJ6: 4.2819355 | AK6: 623.32019 | AL6: 555.73782 | AM6: 9.1813938 | AN6: 4.8235315 | AO6: 59.708 | AP6: 59.968 | AQ6: 0.57411538 | AR6: 0.38441026 | AS6: =SLOPE(TFlight!G6:FR6,TPoints!G6:FR6) -> -0.0012340379 | AT6: =SLOPE(TFlight!G46:FR46,TPoints!G46:FR46) -> -0.00085852537 | AU6: =SLOPE(TContact!H6:FR6,TPoints!H6:FR6) -> 0.00033848779 | AV6: =SLOPE(TContact!H46:FR46,TPoints!H46:FR46) -> 0.00073622022 | AW6: =SLOPE(Elevation!G6:FR6,TPoints!G6:FR6) -> -0.087679877 | AX6: =SLOPE(Elevation!G46:FR46,TPoints!G46:FR46) -> -0.028221347 | AY6: =SLOPE(Power!H6:FR6,TPoints!H6:FR6) -> -0.101877 | AZ6: =SLOPE(Power!H46:FR46,TPoints!H46:FR46) -> -0.056152444 | BA6: =SLOPE(Pace!H6:FR6,TPoints!H6:FR6) -> 0.0027668923 | BB6: =SLOPE(Pace!H46:FR46,TPoints!H46:FR46) -> 0.00060481403 | BC6: =SLOPE(RSI!H6:FR6,TPoints!H6:FR6) -> -0.003642162 | BD6: =SLOPE(RSI!H46:FR46,TPoints!H46:FR46) -> -0.0018243158 | BE6: =SLOPE(StepWidth!G6:FR6,TPoints!G6:FR6) -> 1.0193617 | BF6: =SLOPE(StepWidth!G46:FR46,TPoints!G46:FR46) -> 1.0289935 | BG6: =SLOPE(Distance!H6:FR6,TPoints!H6:FR6) -> -0.05657095 | BH6: =SLOPE(Distance!H46:FR46,TPoints!H46:FR46) -> -0.023902045 | BI6: =100*(MAX(TFlight!G6:FR6)-MIN(TFlight!G6:FR6))/MAX(TFlight!G6:FR6) -> 46.511628 | BJ6: =100*(MAX(TFlight!G46:FR46)-MIN(TFlight!G46:FR46))/MAX(TFlight!G46:FR46) -> 93.548387 | BK6: =100*(MAX(TContact!H6:FR6)-MIN(TContact!H6:FR6))/MAX(TContact!H6:FR6) -> 32.58427 | BL6: =100*(MAX(TContact!H46:FR46)-MIN(TContact!H46:FR46))/MAX(TContact!H46:FR46) -> 98.397436 | BM6: =100*(MAX(Elevation!G6:FR6)-MIN(Elevation!G6:FR6))/MAX(Elevation!G6:FR6) -> 71.034483 | BN6: =100*(MAX(Elevation!G46:FR46)-MIN(Elevation!G46:FR46))/MAX(Elevation!G46:FR46) -> 100 | BO6: =100*(MAX(Power!H6:FR6)-MIN(Power!H6:FR6))/MAX(Power!H6:FR6) -> 63.398195 | BP6: =100*(MAX(Power!H46:FR46)-MIN(Power!H46:FR46))/MAX(Power!H46:FR46) -> 99.328817 | BQ6: =100*(MAX(Pace!H6:FR6)-MIN(Pace!H6:FR6))/MAX(Pace!H6:FR6) -> 27.743902 | BR6: =100*(MAX(Pace!H46:FR46)-MIN(Pace!H46:FR46))/MAX(Pace!H46:FR46) -> 80.38674 | BS6: =100*(MAX(RSI!H6:FR6)-MIN(RSI!H6:FR6))/MAX(RSI!H6:FR6) -> 75.522098 | BT6: =100*(MAX(RSI!H46:FR46)-MIN(RSI!H46:FR46))/MAX(RSI!H46:FR46) -> 100 | BU6: =100*(MAX(StepWidth!G6:FR6)-MIN(StepWidth!G6:FR6))/MAX(StepWidth!G6:FR6) -> 59.559819 | BV6: =100*(MAX(StepWidth!G46:FR46)-MIN(StepWidth!G46:FR46))/MAX(StepWidth!G46:FR46) -> 99.703184 | BW6: =100*(MAX(Distance!H6:FR6)-MIN(Distance!H6:FR6))/MAX(Distance!H6:FR6) -> 98.367612 | BX6: =100*(MAX(Distance!H46:FR46)-MIN(Distance!H46:FR46))/MAX(Distance!H46:FR46) -> 97.767857
A7: 6 | B7: o6 | C7: B | D7: M | E7: 59 | F7: 59 | G7: 149 | H7: 149 | I7: 2 | J7: 0 | K7: 24 | L7: 27.1 | M7: 22.9 | N7: 31.3 | O7: 0.324 | P7: 0.43 | Q7: 12.9 | R7: 22.7 | S7: 144 | T7: 130 | U7: 0.17319444 | V7: 0.18507692 | W7: 0.24577622 | X7: 0.2795814 | Y7: 3.7819444 | Z7: 4.3015385 | AA7: 7.3377124 | AB7: 7.5670547 | AC7: 2.4222812 | AD7: 2.1537381 | AE7: 0.16155303 | AF7: 0.15844546 | AG7: 8.3573427 | AH7: 9.596124 | AI7: 6.7104895 | AJ7: 15.573643 | AK7: 461.00833 | AL7: 774.57154 | AM7: 5.7043799 | AN7: 6.374987 | AO7: 60.086 | AP7: 60.126 | AQ7: 0.41726389 | AR7: 0.46250769 | AS7: =SLOPE(TFlight!G7:FR7,TPoints!G7:FR7) -> -0.00045430103 | AT7: =SLOPE(TFlight!G47:FR47,TPoints!G47:FR47) -> -0.0010032621 | AU7: =SLOPE(TContact!H7:FR7,TPoints!H7:FR7) -> -0.00072134029 | AV7: =SLOPE(TContact!H47:FR47,TPoints!H47:FR47) -> 0.00062684576 | AW7: =SLOPE(Elevation!G7:FR7,TPoints!G7:FR7) -> -0.018629115 | AX7: =SLOPE(Elevation!G47:FR47,TPoints!G47:FR47) -> -0.046591274 | AY7: =SLOPE(Power!H7:FR7,TPoints!H7:FR7) -> -0.024643129 | AZ7: =SLOPE(Power!H47:FR47,TPoints!H47:FR47) -> -0.068407255 | BA7: =SLOPE(Pace!H7:FR7,TPoints!H7:FR7) -> 0.0045972866 | BB7: =SLOPE(Pace!H47:FR47,TPoints!H47:FR47) -> 0.0020151427 | BC7: =SLOPE(RSI!H7:FR7,TPoints!H7:FR7) -> -0.00067268364 | BD7: =SLOPE(RSI!H47:FR47,TPoints!H47:FR47) -> -0.0021842505 | BE7: =SLOPE(StepWidth!G7:FR7,TPoints!G7:FR7) -> -0.8807157 | BF7: =SLOPE(StepWidth!G47:FR47,TPoints!G47:FR47) -> 6.5505812 | BG7: =SLOPE(Distance!H7:FR7,TPoints!H7:FR7) -> -0.024558802 | BH7: =SLOPE(Distance!H47:FR47,TPoints!H47:FR47) -> -0.033193772 | BI7: =100*(MAX(TFlight!G7:FR7)-MIN(TFlight!G7:FR7))/MAX(TFlight!G7:FR7) -> 54.411765 | BJ7: =100*(MAX(TFlight!G47:FR47)-MIN(TFlight!G47:FR47))/MAX(TFlight!G47:FR47) -> 52.713178 | BK7: =100*(MAX(TContact!H7:FR7)-MIN(TContact!H7:FR7))/MAX(TContact!H7:FR7) -> 84.163701 | BL7: =100*(MAX(TContact!H47:FR47)-MIN(TContact!H47:FR47))/MAX(TContact!H47:FR47) -> 37.572254 | BM7: =100*(MAX(Elevation!G7:FR7)-MIN(Elevation!G7:FR7))/MAX(Elevation!G7:FR7) -> 79.120879 | BN7: =100*(MAX(Elevation!G47:FR47)-MIN(Elevation!G47:FR47))/MAX(Elevation!G47:FR47) -> 78.04878 | BO7: =100*(MAX(Power!H7:FR7)-MIN(Power!H7:FR7))/MAX(Power!H7:FR7) -> 69.262168 | BP7: =100*(MAX(Power!H47:FR47)-MIN(Power!H47:FR47))/MAX(Power!H47:FR47) -> 69.993976 | BQ7: =100*(MAX(Pace!H7:FR7)-MIN(Pace!H7:FR7))/MAX(Pace!H7:FR7) -> 74.277017 | BR7: =100*(MAX(Pace!H47:FR47)-MIN(Pace!H47:FR47))/MAX(Pace!H47:FR47) -> 18.4 | BS7: =100*(MAX(RSI!H7:FR7)-MIN(RSI!H7:FR7))/MAX(RSI!H7:FR7) -> 90.583822 | BT7: =100*(MAX(RSI!H47:FR47)-MIN(RSI!H47:FR47))/MAX(RSI!H47:FR47) -> 85.535035 | BU7: =100*(MAX(StepWidth!G7:FR7)-MIN(StepWidth!G7:FR7))/MAX(StepWidth!G7:FR7) -> 68.182347 | BV7: =100*(MAX(StepWidth!G47:FR47)-MIN(StepWidth!G47:FR47))/MAX(StepWidth!G47:FR47) -> 100 | BW7: =100*(MAX(Distance!H7:FR7)-MIN(Distance!H7:FR7))/MAX(Distance!H7:FR7) -> 96.246479 | BX7: =100*(MAX(Distance!H47:FR47)-MIN(Distance!H47:FR47))/MAX(Distance!H47:FR47) -> 97.38735
A8: 7 | B8: o7 | C8: B | D8: M | E8: 50 | F8: 50 | G8: 139 | H8: 139 | I8: -8.3 | J8: -11 | K8: 24 | L8: 26 | M8: 28.1 | N8: 31.3 | O8: 0.343 | P8: 0.507 | Q8: 14.4 | R8: 31.5 | S8: 125 | T8: 168 | U8: 0.226608 | V8: 0.13090476 | W8: 0.2548871 | X8: 0.22851497 | Y8: 6.5736 | Z8: 2.1452381 | AA8: 10.796044 | AB8: 5.0589975 | AC8: 2.1053886 | AD8: 2.7908251 | AE8: 0.27186773 | AF8: 0.097337146 | AG8: 19.176613 | AH8: 4.2215569 | AI8: 18.567742 | AJ8: 5.8532934 | AK8: 568.2856 | AL8: 400.67262 | AM8: 9.7233426 | AN8: 3.868963 | AO8: 59.932 | AP8: 60.154 | AQ8: 0.479456 | AR8: 0.35805952 | AS8: =SLOPE(TFlight!G8:FR8,TPoints!G8:FR8) -> -0.00076993923 | AT8: =SLOPE(TFlight!G48:FR48,TPoints!G48:FR48) -> -0.00051646271 | AU8: =SLOPE(TContact!H8:FR8,TPoints!H8:FR8) -> 0.0010976802 | AV8: =SLOPE(TContact!H48:FR48,TPoints!H48:FR48) -> 0.0010295858 | AW8: =SLOPE(Elevation!G8:FR8,TPoints!G8:FR8) -> -0.037853796 | AX8: =SLOPE(Elevation!G48:FR48,TPoints!G48:FR48) -> -0.017288634 | AY8: =SLOPE(Power!H8:FR8,TPoints!H8:FR8) -> -0.065554966 | AZ8: =SLOPE(Power!H48:FR48,TPoints!H48:FR48) -> -0.037762011 | BA8: =SLOPE(Pace!H8:FR8,TPoints!H8:FR8) -> 0.00050749082 | BB8: =SLOPE(Pace!H48:FR48,TPoints!H48:FR48) -> -0.0039899954 | BC8: =SLOPE(RSI!H8:FR8,TPoints!H8:FR8) -> -0.0023044388 | BD8: =SLOPE(RSI!H48:FR48,TPoints!H48:FR48) -> -0.001291275 | BE8: =SLOPE(StepWidth!G8:FR8,TPoints!G8:FR8) -> 4.6707936 | BF8: =SLOPE(StepWidth!G48:FR48,TPoints!G48:FR48) -> -1.0413755 | BG8: =SLOPE(Distance!H8:FR8,TPoints!H8:FR8) -> 0.03876446 | BH8: =SLOPE(Distance!H48:FR48,TPoints!H48:FR48) -> -0.018800585 | BI8: =100*(MAX(TFlight!G8:FR8)-MIN(TFlight!G8:FR8))/MAX(TFlight!G8:FR8) -> 90.419162 | BJ8: =100*(MAX(TFlight!G48:FR48)-MIN(TFlight!G48:FR48))/MAX(TFlight!G48:FR48) -> 53.932584 | BK8: =100*(MAX(TContact!H8:FR8)-MIN(TContact!H8:FR8))/MAX(TContact!H8:FR8) -> 77.230047 | BL8: =100*(MAX(TContact!H48:FR48)-MIN(TContact!H48:FR48))/MAX(TContact!H48:FR48) -> 45.517241 | BM8: =100*(MAX(Elevation!G8:FR8)-MIN(Elevation!G8:FR8))/MAX(Elevation!G8:FR8) -> 99.270073 | BN8: =100*(MAX(Elevation!G48:FR48)-MIN(Elevation!G48:FR48))/MAX(Elevation!G48:FR48) -> 79.487179 | BO8: =100*(MAX(Power!H8:FR8)-MIN(Power!H8:FR8))/MAX(Power!H8:FR8) -> 95.752843 | BP8: =100*(MAX(Power!H48:FR48)-MIN(Power!H48:FR48))/MAX(Power!H48:FR48) -> 71.288387 | BQ8: =100*(MAX(Pace!H8:FR8)-MIN(Pace!H8:FR8))/MAX(Pace!H8:FR8) -> 70.676692 | BR8: =100*(MAX(Pace!H48:FR48)-MIN(Pace!H48:FR48))/MAX(Pace!H48:FR48) -> 25.837321 | BS8: =100*(MAX(RSI!H8:FR8)-MIN(RSI!H8:FR8))/MAX(RSI!H8:FR8) -> 99.490332 | BT8: =100*(MAX(RSI!H48:FR48)-MIN(RSI!H48:FR48))/MAX(RSI!H48:FR48) -> 87.138787 | BU8: =100*(MAX(StepWidth!G8:FR8)-MIN(StepWidth!G8:FR8))/MAX(StepWidth!G8:FR8) -> 76.742526 | BV8: =100*(MAX(StepWidth!G48:FR48)-MIN(StepWidth!G48:FR48))/MAX(StepWidth!G48:FR48) -> 74.546781 | BW8: =100*(MAX(Distance!H8:FR8)-MIN(Distance!H8:FR8))/MAX(Distance!H8:FR8) -> 98.509063 | BX8: =100*(MAX(Distance!H48:FR48)-MIN(Distance!H48:FR48))/MAX(Distance!H48:FR48) -> 95.86112
A9: 8 | B9: o8 | C9: B | D9: F | E9: 62 | F9: 62 | G9: 150 | H9: 150 | I9: 3.6 | J9: -11.9 | K9: 25 | L9: 27.1 | M9: 27.1 | N9: 28.1 | O9: 0.356 | P9: 0.309 | Q9: 15.5 | R9: 11.7 | S9: 167 | T9: 118 | U9: 0.14863473 | V9: 0.176 | W9: 0.21239759 | X9: 0.33547009 | Y9: 2.8041916 | Z9: 3.9127119 | AA9: 6.2489169 | AB9: 6.5738591 | AC9: 2.782822 | AD9: 1.9579041 | AE9: 0.1358733 | AF9: 0.11958102 | AG9: 5.2439759 | AH9: 2.8803419 | AI9: 10.383735 | AJ9: 8.4598291 | AK9: 533.3485 | AL9: 595.69746 | AM9: 4.9613023 | AN9: 5.0255933 | AO9: 60.08 | AP9: 60.018 | AQ9: 0.35976048 | AR9: 0.50862712 | AS9: =SLOPE(TFlight!G9:FR9,TPoints!G9:FR9) -> -0.00067424035 | AT9: =SLOPE(TFlight!G49:FR49,TPoints!G49:FR49) -> -0.0016184039 | AU9: =SLOPE(TContact!H9:FR9,TPoints!H9:FR9) -> 0.00050254337 | AV9: =SLOPE(TContact!H49:FR49,TPoints!H49:FR49) -> 0.0012081138 | AW9: =SLOPE(Elevation!G9:FR9,TPoints!G9:FR9) -> -0.025847364 | AX9: =SLOPE(Elevation!G49:FR49,TPoints!G49:FR49) -> -0.069430856 | AY9: =SLOPE(Power!H9:FR9,TPoints!H9:FR9) -> -0.048890743 | AZ9: =SLOPE(Power!H49:FR49,TPoints!H49:FR49) -> -0.089817615 | BA9: =SLOPE(Pace!H9:FR9,TPoints!H9:FR9) -> 0.001452834 | BB9: =SLOPE(Pace!H49:FR49,TPoints!H49:FR49) -> 0.0016651349 | BC9: =SLOPE(RSI!H9:FR9,TPoints!H9:FR9) -> -0.0016059533 | BD9: =SLOPE(RSI!H49:FR49,TPoints!H49:FR49) -> -0.0025605763 | BE9: =SLOPE(StepWidth!G9:FR9,TPoints!G9:FR9) -> 0.68330806 | BF9: =SLOPE(StepWidth!G49:FR49,TPoints!G49:FR49) -> -2.2070478 | BG9: =SLOPE(Distance!H9:FR9,TPoints!H9:FR9) -> 0.0049770575 | BH9: =SLOPE(Distance!H49:FR49,TPoints!H49:FR49) -> -0.039782656 | BI9: =100*(MAX(TFlight!G9:FR9)-MIN(TFlight!G9:FR9))/MAX(TFlight!G9:FR9) -> 66.972477 | BJ9: =100*(MAX(TFlight!G49:FR49)-MIN(TFlight!G49:FR49))/MAX(TFlight!G49:FR49) -> 56 | BK9: =100*(MAX(TContact!H9:FR9)-MIN(TContact!H9:FR9))/MAX(TContact!H9:FR9) -> 38.888889 | BL9: =100*(MAX(TContact!H49:FR49)-MIN(TContact!H49:FR49))/MAX(TContact!H49:FR49) -> 29.591837 | BM9: =100*(MAX(Elevation!G9:FR9)-MIN(Elevation!G9:FR9))/MAX(Elevation!G9:FR9) -> 89.655172 | BN9: =100*(MAX(Elevation!G49:FR49)-MIN(Elevation!G49:FR49))/MAX(Elevation!G49:FR49) -> 80.519481 | BO9: =100*(MAX(Power!H9:FR9)-MIN(Power!H9:FR9))/MAX(Power!H9:FR9) -> 79.607843 | BP9: =100*(MAX(Power!H49:FR49)-MIN(Power!H49:FR49))/MAX(Power!H49:FR49) -> 69.137867 | BQ9: =100*(MAX(Pace!H9:FR9)-MIN(Pace!H9:FR9))/MAX(Pace!H9:FR9) -> 32.579186 | BR9: =100*(MAX(Pace!H49:FR49)-MIN(Pace!H49:FR49))/MAX(Pace!H49:FR49) -> 17.375887 | BS9: =100*(MAX(RSI!H9:FR9)-MIN(RSI!H9:FR9))/MAX(RSI!H9:FR9) -> 91.578947 | BT9: =100*(MAX(RSI!H49:FR49)-MIN(RSI!H49:FR49))/MAX(RSI!H49:FR49) -> 84.992049 | BU9: =100*(MAX(StepWidth!G9:FR9)-MIN(StepWidth!G9:FR9))/MAX(StepWidth!G9:FR9) -> 57.268433 | BV9: =100*(MAX(StepWidth!G49:FR49)-MIN(StepWidth!G49:FR49))/MAX(StepWidth!G49:FR49) -> 54.022583 | BW9: =100*(MAX(Distance!H9:FR9)-MIN(Distance!H9:FR9))/MAX(Distance!H9:FR9) -> 100 | BX9: =100*(MAX(Distance!H49:FR49)-MIN(Distance!H49:FR49))/MAX(Distance!H49:FR49) -> 96.550955
A10: 9 | B10: o9 | C10: B | D10: M | E10: 73 | F10: 73 | G10: 156 | H10: 156 | I10: 4.2 | J10: 0 | K10: 24 | L10: 27.1 | M10: 30.2 | N10: 28.1 | O10: 0.406 | P10: 0.362 | Q10: 20.2 | R10: 16.1 | S10: 147 | T10: 117 | U10: 0.11587755 | V10: 0.27639316 | W10: 0.294 | X10: 0.24046552 | Y10: 1.7530612 | Z10: 9.4350427 | AA10: 3.9713112 | AB10: 14.464824 | AC10: 2.4788886 | AD10: 1.9356884 | AE10: 0.060800359 | AF10: 0.39792347 | AG10: 9.559589 | AH10: 12.437931 | AI10: 13.228082 | AJ10: 12.140517 | AK10: 829.02313 | AL10: 472.19573 | AM10: 4.1755014 | AN10: 6.9601398 | AO10: 59.958 | AP10: 60.232 | AQ10: 0.40787755 | AR10: 0.51480342 | AS10: =SLOPE(TFlight!G10:FR10,TPoints!G10:FR10) -> -0.00092493018 | AT10: =SLOPE(TFlight!G50:FR50,TPoints!G50:FR50) -> -0.00064942582 | AU10: =SLOPE(TContact!H10:FR10,TPoints!H10:FR10) -> 2.9047345e-05 | AV10: =SLOPE(TContact!H50:FR50,TPoints!H50:FR50) -> 0.00038700536 | AW10: =SLOPE(Elevation!G10:FR10,TPoints!G10:FR10) -> -0.030113658 | AX10: =SLOPE(Elevation!G50:FR50,TPoints!G50:FR50) -> -0.044805657 | AY10: =SLOPE(Power!H10:FR10,TPoints!H10:FR10) -> -0.039547261 | AZ10: =SLOPE(Power!H50:FR50,TPoints!H50:FR50) -> -0.070407269 | BA10: =SLOPE(Pace!H10:FR10,TPoints!H10:FR10) -> 0.0052935873 | BB10: =SLOPE(Pace!H50:FR50,TPoints!H50:FR50) -> 0.0012282218 | BC10: =SLOPE(RSI!H10:FR10,TPoints!H10:FR10) -> -0.00093040311 | BD10: =SLOPE(RSI!H50:FR50,TPoints!H50:FR50) -> -0.0027110333 | BE10: =SLOPE(StepWidth!G10:FR10,TPoints!G10:FR10) -> -4.5605151 | BF10: =SLOPE(StepWidth!G50:FR50,TPoints!G50:FR50) -> 0.1020417 | BG10: =SLOPE(Distance!H10:FR10,TPoints!H10:FR10) -> 0.022242472 | BH10: =SLOPE(Distance!H50:FR50,TPoints!H50:FR50) -> 0.017346054 | BI10: =100*(MAX(TFlight!G10:FR10)-MIN(TFlight!G10:FR10))/MAX(TFlight!G10:FR10) -> 84.126984 | BJ10: =100*(MAX(TFlight!G50:FR50)-MIN(TFlight!G50:FR50))/MAX(TFlight!G50:FR50) -> 37.790698 | BK10: =100*(MAX(TContact!H10:FR10)-MIN(TContact!H10:FR10))/MAX(TContact!H10:FR10) -> 70.605187 | BL10: =100*(MAX(TContact!H50:FR50)-MIN(TContact!H50:FR50))/MAX(TContact!H50:FR50) -> 26.428571 | BM10: =100*(MAX(Elevation!G10:FR10)-MIN(Elevation!G10:FR10))/MAX(Elevation!G10:FR10) -> 97.435897 | BN10: =100*(MAX(Elevation!G50:FR50)-MIN(Elevation!G50:FR50))/MAX(Elevation!G50:FR50) -> 61.37931 | BO10: =100*(MAX(Power!H10:FR10)-MIN(Power!H10:FR10))/MAX(Power!H10:FR10) -> 90.904018 | BP10: =100*(MAX(Power!H50:FR50)-MIN(Power!H50:FR50))/MAX(Power!H50:FR50) -> 55.336198 | BQ10: =100*(MAX(Pace!H10:FR10)-MIN(Pace!H10:FR10))/MAX(Pace!H10:FR10) -> 55.858311 | BR10: =100*(MAX(Pace!H50:FR50)-MIN(Pace!H50:FR50))/MAX(Pace!H50:FR50) -> 18.085106 | BS10: =100*(MAX(RSI!H10:FR10)-MIN(RSI!H10:FR10))/MAX(RSI!H10:FR10) -> 98.898988 | BT10: =100*(MAX(RSI!H50:FR50)-MIN(RSI!H50:FR50))/MAX(RSI!H50:FR50) -> 67.057569 | BU10: =100*(MAX(StepWidth!G10:FR10)-MIN(StepWidth!G10:FR10))/MAX(StepWidth!G10:FR10) -> 63.315195 | BV10: =100*(MAX(StepWidth!G50:FR50)-MIN(StepWidth!G50:FR50))/MAX(StepWidth!G50:FR50) -> 100 | BW10: =100*(MAX(Distance!H10:FR10)-MIN(Distance!H10:FR10))/MAX(Distance!H10:FR10) -> 98.611956 | BX10: =100*(MAX(Distance!H50:FR50)-MIN(Distance!H50:FR50))/MAX(Distance!H50:FR50) -> 100
A11: 10 | B11: o10 | C11: J | D11: F | E11: 67 | F11: 67 | G11: 158 | H11: 158 | I11: 6.7 | J11: -4.7 | K11: 26 | L11: 27.1 | M11: 26 | N11: 34.4 | O11: 0.461 | P11: 0.36 | Q11: 26.1 | R11: 15.9 | S11: 114 | T11: 121 | U11: 0.22185965 | V11: 0.15449587 | W11: 0.30663717 | X11: 0.3439 | Y11: 6.1342105 | Z11: 3.0330579 | AA11: 9.3209724 | AB11: 5.4565399 | AC11: 1.89643 | AD11: 2.0128456 | AE11: 0.20393189 | AF11: 0.089175428 | AG11: 10.309735 | AH11: 4.005 | AI11: 3.9964602 | AJ11: 6.8875 | AK11: 699.25789 | AL11: 662.96281 | AM11: 7.3488496 | AN11: 4.0728965 | AO11: 59.942 | AP11: 59.962 | AQ11: 0.52580702 | AR11: 0.49555372 | AS11: =SLOPE(TFlight!G11:FR11,TPoints!G11:FR11) -> -0.00061808464 | AT11: =SLOPE(TFlight!G51:FR51,TPoints!G51:FR51) -> -0.0013162418 | AU11: =SLOPE(TContact!H11:FR11,TPoints!H11:FR11) -> 0.0001870422 | AV11: =SLOPE(TContact!H51:FR51,TPoints!H51:FR51) -> 0.00044264205 | AW11: =SLOPE(Elevation!G11:FR11,TPoints!G11:FR11) -> -0.036761698 | AX11: =SLOPE(Elevation!G51:FR51,TPoints!G51:FR51) -> -0.0485035 | AY11: =SLOPE(Power!H11:FR11,TPoints!H11:FR11) -> -0.040952864 | AZ11: =SLOPE(Power!H51:FR51,TPoints!H51:FR51) -> -0.061451937 | BA11: =SLOPE(Pace!H11:FR11,TPoints!H11:FR11) -> 0.0013749525 | BB11: =SLOPE(Pace!H51:FR51,TPoints!H51:FR51) -> 0.0036325421 | BC11: =SLOPE(RSI!H11:FR11,TPoints!H11:FR11) -> -0.0013891652 | BD11: =SLOPE(RSI!H51:FR51,TPoints!H51:FR51) -> -0.0015129188 | BE11: =SLOPE(StepWidth!G11:FR11,TPoints!G11:FR11) -> 0.55922474 | BF11: =SLOPE(StepWidth!G51:FR51,TPoints!G51:FR51) -> -3.9434148 | BG11: =SLOPE(Distance!H11:FR11,TPoints!H11:FR11) -> 0.021503282 | BH11: =SLOPE(Distance!H51:FR51,TPoints!H51:FR51) -> -0.021679554 | BI11: =100*(MAX(TFlight!G11:FR11)-MIN(TFlight!G11:FR11))/MAX(TFlight!G11:FR11) -> 48.101266 | BJ11: =100*(MAX(TFlight!G51:FR51)-MIN(TFlight!G51:FR51))/MAX(TFlight!G51:FR51) -> 78.095238 | BK11: =100*(MAX(TContact!H11:FR11)-MIN(TContact!H11:FR11))/MAX(TContact!H11:FR11) -> 36.787565 | BL11: =100*(MAX(TContact!H51:FR51)-MIN(TContact!H51:FR51))/MAX(TContact!H51:FR51) -> 28.436019 | BM11: =100*(MAX(Elevation!G11:FR11)-MIN(Elevation!G11:FR11))/MAX(Elevation!G11:FR11) -> 72.95082 | BN11: =100*(MAX(Elevation!G51:FR51)-MIN(Elevation!G51:FR51))/MAX(Elevation!G51:FR51) -> 94.444444 | BO11: =100*(MAX(Power!H11:FR11)-MIN(Power!H11:FR11))/MAX(Power!H11:FR11) -> 67.779376 | BP11: =100*(MAX(Power!H51:FR51)-MIN(Power!H51:FR51))/MAX(Power!H51:FR51) -> 85.17747 | BQ11: =100*(MAX(Pace!H11:FR11)-MIN(Pace!H11:FR11))/MAX(Pace!H11:FR11) -> 15.789474 | BR11: =100*(MAX(Pace!H51:FR51)-MIN(Pace!H51:FR51))/MAX(Pace!H51:FR51) -> 25.724638 | BS11: =100*(MAX(RSI!H11:FR11)-MIN(RSI!H11:FR11))/MAX(RSI!H11:FR11) -> 82.901554 | BT11: =100*(MAX(RSI!H51:FR51)-MIN(RSI!H51:FR51))/MAX(RSI!H51:FR51) -> 95.177045 | BU11: =100*(MAX(StepWidth!G11:FR11)-MIN(StepWidth!G11:FR11))/MAX(StepWidth!G11:FR11) -> 59.492591 | BV11: =100*(MAX(StepWidth!G51:FR51)-MIN(StepWidth!G51:FR51))/MAX(StepWidth!G51:FR51) -> 56.925257 | BW11: =100*(MAX(Distance!H11:FR11)-MIN(Distance!H11:FR11))/MAX(Distance!H11:FR11) -> 93.41384 | BX11: =100*(MAX(Distance!H51:FR51)-MIN(Distance!H51:FR51))/MAX(Distance!H51:FR51) -> 100
A12: 11 | B12: o11 | C12: B | D12: F | E12: 78 | F12: 78 | G12: 160 | H12: 160 | I12: 6.2 | J12: -9.3 | K12: 26 | L12: 27.1 | M12: 26 | N12: 55.2 | O12: 0.277 | P12: 0.504 | Q12: 9.4 | R12: 31.1 | S12: 125 | T12: 116 | U12: 0.18192 | V12: 0.22113793 | W12: 0.30241935 | X12: 0.29773913 | Y12: 4.0992 | Z12: 6.075 | AA12: 7.0615786 | AB12: 9.3530009 | AC12: 2.0728264 | AD12: 1.9321562 | AE12: 0.13733973 | AF12: 0.20636381 | AG12: 14.137097 | AH12: 4.78 | AI12: 6.5048387 | AJ12: 16.304348 | AK12: 616.1336 | AL12: 710.87069 | AM12: 4.3986533 | AN12: 5.4926408 | AO12: 60.24 | AP12: 59.892 | AQ12: 0.48192 | AR12: 0.51631034 | AS12: =SLOPE(TFlight!G12:FR12,TPoints!G12:FR12) -> -0.00068664227 | AT12: =SLOPE(TFlight!G52:FR52,TPoints!G52:FR52) -> -0.0012187844 | AU12: =SLOPE(TContact!H12:FR12,TPoints!H12:FR12) -> 0.00036008798 | AV12: =SLOPE(TContact!H52:FR52,TPoints!H52:FR52) -> 0.00074154056 | AW12: =SLOPE(Elevation!G12:FR12,TPoints!G12:FR12) -> -0.030466696 | AX12: =SLOPE(Elevation!G52:FR52,TPoints!G52:FR52) -> -0.068890148 | AY12: =SLOPE(Power!H12:FR12,TPoints!H12:FR12) -> -0.038413553 | AZ12: =SLOPE(Power!H52:FR52,TPoints!H52:FR52) -> -0.086201385 | BA12: =SLOPE(Pace!H12:FR12,TPoints!H12:FR12) -> 0.0016305964 | BB12: =SLOPE(Pace!H52:FR52,TPoints!H52:FR52) -> 0.0016703545 | BC12: =SLOPE(RSI!H12:FR12,TPoints!H12:FR12) -> -0.0011186088 | BD12: =SLOPE(RSI!H52:FR52,TPoints!H52:FR52) -> -0.0029366151 | BE12: =SLOPE(StepWidth!G12:FR12,TPoints!G12:FR12) -> 1.0527018 | BF12: =SLOPE(StepWidth!G52:FR52,TPoints!G52:FR52) -> -3.2847776 | BG12: =SLOPE(Distance!H12:FR12,TPoints!H12:FR12) -> -0.017415017 | BH12: =SLOPE(Distance!H52:FR52,TPoints!H52:FR52) -> -0.0098515821 | BI12: =100*(MAX(TFlight!G12:FR12)-MIN(TFlight!G12:FR12))/MAX(TFlight!G12:FR12) -> 36.697248 | BJ12: =100*(MAX(TFlight!G52:FR52)-MIN(TFlight!G52:FR52))/MAX(TFlight!G52:FR52) -> 42.763158 | BK12: =100*(MAX(TContact!H12:FR12)-MIN(TContact!H12:FR12))/MAX(TContact!H12:FR12) -> 62.130178 | BL12: =100*(MAX(TContact!H52:FR52)-MIN(TContact!H52:FR52))/MAX(TContact!H52:FR52) -> 30.177515 | BM12: =100*(MAX(Elevation!G12:FR12)-MIN(Elevation!G12:FR12))/MAX(Elevation!G12:FR12) -> 60.344828 | BN12: =100*(MAX(Elevation!G52:FR52)-MIN(Elevation!G52:FR52))/MAX(Elevation!G52:FR52) -> 67.256637 | BO12: =100*(MAX(Power!H12:FR12)-MIN(Power!H12:FR12))/MAX(Power!H12:FR12) -> 56.246653 | BP12: =100*(MAX(Power!H52:FR52)-MIN(Power!H52:FR52))/MAX(Power!H52:FR52) -> 60.149348 | BQ12: =100*(MAX(Pace!H12:FR12)-MIN(Pace!H12:FR12))/MAX(Pace!H12:FR12) -> 45.96577 | BR12: =100*(MAX(Pace!H52:FR52)-MIN(Pace!H52:FR52))/MAX(Pace!H52:FR52) -> 18.245614 | BS12: =100*(MAX(RSI!H12:FR12)-MIN(RSI!H12:FR12))/MAX(RSI!H12:FR12) -> 82.656601 | BT12: =100*(MAX(RSI!H52:FR52)-MIN(RSI!H52:FR52))/MAX(RSI!H52:FR52) -> 74.945557 | BU12: =100*(MAX(StepWidth!G12:FR12)-MIN(StepWidth!G12:FR12))/MAX(StepWidth!G12:FR12) -> 45.236355 | BV12: =100*(MAX(StepWidth!G52:FR52)-MIN(StepWidth!G52:FR52))/MAX(StepWidth!G52:FR52) -> 57.561326 | BW12: =100*(MAX(Distance!H12:FR12)-MIN(Distance!H12:FR12))/MAX(Distance!H12:FR12) -> 100 | BX12: =100*(MAX(Distance!H52:FR52)-MIN(Distance!H52:FR52))/MAX(Distance!H52:FR52) -> 96.329741
A13: 12 | B13: o12 | C13: B | D13: F | E13: 88 | F13: 88 | G13: 160 | H13: 160 | I13: 7.3 | J13: -4.7 | K13: 26 | L13: 28.1 | M13: 31.3 | N13: 28.1 | O13: 0.277 | P13: 0.2 | Q13: 9.4 | R13: 4.9 | S13: 132 | T13: 118 | U13: 0.12589394 | V13: 0.063135593 | W13: 0.33071756 | X13: 0.42360684 | Y13: 1.9651515 | Z13: 0.54745763 | AA13: 4.2077691 | AB13: 1.8654734 | AC13: 2.1916768 | AD13: 2.2425806 | AE13: 0.060016777 | AF13: 0.01721374 | AG13: 3.2030534 | AH13: 6.6521368 | AI13: 6.9358779 | AJ13: 5.3641026 | AK13: 709.25227 | AL13: 754.13814 | AM13: 4.614301 | AN13: 4.9284358 | AO13: 59.942 | AP13: 57.012 | AQ13: 0.45410606 | AR13: 0.48315254 | AS13: =SLOPE(TFlight!G13:FR13,TPoints!G13:FR13) -> -0.00031521593 | AT13: =SLOPE(TFlight!G53:FR53,TPoints!G53:FR53) -> -0.00066312453 | AU13: =SLOPE(TContact!H13:FR13,TPoints!H13:FR13) -> 0.00047980646 | AV13: =SLOPE(TContact!H53:FR53,TPoints!H53:FR53) -> 0.0041380634 | AW13: =SLOPE(Elevation!G13:FR13,TPoints!G13:FR13) -> -0.0094050395 | AX13: =SLOPE(Elevation!G53:FR53,TPoints!G53:FR53) -> -0.009984918 | AY13: =SLOPE(Power!H13:FR13,TPoints!H13:FR13) -> -0.01525055 | AZ13: =SLOPE(Power!H53:FR53,TPoints!H53:FR53) -> -0.02566018 | BA13: =SLOPE(Pace!H13:FR13,TPoints!H13:FR13) -> -0.00075476283 | BB13: =SLOPE(Pace!H53:FR53,TPoints!H53:FR53) -> -0.008250327 | BC13: =SLOPE(RSI!H13:FR13,TPoints!H13:FR13) -> -0.00037421944 | BD13: =SLOPE(RSI!H53:FR53,TPoints!H53:FR53) -> -0.00043163219 | BE13: =SLOPE(StepWidth!G13:FR13,TPoints!G13:FR13) -> -5.9492063 | BF13: =SLOPE(StepWidth!G53:FR53,TPoints!G53:FR53) -> -5.9855322 | BG13: =SLOPE(Distance!H13:FR13,TPoints!H13:FR13) -> -0.011402827 | BH13: =SLOPE(Distance!H53:FR53,TPoints!H53:FR53) -> 0.06470855 | BI13: =100*(MAX(TFlight!G13:FR13)-MIN(TFlight!G13:FR13))/MAX(TFlight!G13:FR13) -> 48.809524 | BJ13: =100*(MAX(TFlight!G53:FR53)-MIN(TFlight!G53:FR53))/MAX(TFlight!G53:FR53) -> 89.090909 | BK13: =100*(MAX(TContact!H13:FR13)-MIN(TContact!H13:FR13))/MAX(TContact!H13:FR13) -> 19.892473 | BL13: =100*(MAX(TContact!H53:FR53)-MIN(TContact!H53:FR53))/MAX(TContact!H53:FR53) -> 99.013158 | BM13: =100*(MAX(Elevation!G13:FR13)-MIN(Elevation!G13:FR13))/MAX(Elevation!G13:FR13) -> 74.285714 | BN13: =100*(MAX(Elevation!G53:FR53)-MIN(Elevation!G53:FR53))/MAX(Elevation!G53:FR53) -> 100 | BO13: =100*(MAX(Power!H13:FR13)-MIN(Power!H13:FR13))/MAX(Power!H13:FR13) -> 59.093692 | BP13: =100*(MAX(Power!H53:FR53)-MIN(Power!H53:FR53))/MAX(Power!H53:FR53) -> 96.400824 | BQ13: =100*(MAX(Pace!H13:FR13)-MIN(Pace!H13:FR13))/MAX(Pace!H13:FR13) -> 11.934156 | BR13: =100*(MAX(Pace!H53:FR53)-MIN(Pace!H53:FR53))/MAX(Pace!H53:FR53) -> 95.294118 | BS13: =100*(MAX(RSI!H13:FR13)-MIN(RSI!H13:FR13))/MAX(RSI!H13:FR13) -> 78.360656 | BT13: =100*(MAX(RSI!H53:FR53)-MIN(RSI!H53:FR53))/MAX(RSI!H53:FR53) -> 100 | BU13: =100*(MAX(StepWidth!G13:FR13)-MIN(StepWidth!G13:FR13))/MAX(StepWidth!G13:FR13) -> 60.400542 | BV13: =100*(MAX(StepWidth!G53:FR53)-MIN(StepWidth!G53:FR53))/MAX(StepWidth!G53:FR53) -> 99.728641 | BW13: =100*(MAX(Distance!H13:FR13)-MIN(Distance!H13:FR13))/MAX(Distance!H13:FR13) -> 98.405096 | BX13: =100*(MAX(Distance!H53:FR53)-MIN(Distance!H53:FR53))/MAX(Distance!H53:FR53) -> 99.076997
... A41: 40 | B41: o40 | C41: J | D41: F | E41: 55 | F41: 55 | G41: 147 | H41: 147 | I41: -10.9 | J41: -3.1 | K41: 25 | L41: 27.1 | M41: 28.1 | N41: 27.1 | O41: 0.426 | P41: 0.368 | Q41: 22.2 | R41: 16.6 | S41: 118 | T41: 147 | U41: 0.23942373 | V41: 0.14919728 | W41: 0.27223932 | X41: 0.26039726 | Y41: 7.1322034 | Z41: 2.7823129 | AA41: 10.957723 | AB41: 5.6914029 | AC41: 1.9603038 | AD41: 2.4510086 | AE41: 0.26529278 | AF41: 0.10771954 | AG41: 2.7128205 | AH41: 5.9815068 | AI41: 9.8478632 | AJ41: 2.8157534 | AK41: 493.65254 | AL41: 446.78095 | AM41: 7.5123945 | AN41: 3.5393781 | AO41: 60.104 | AP41: 59.95 | AQ41: 0.50935593 | AR41: 0.40782313 | AS41: =SLOPE(TFlight!G41:FR41,TPoints!G41:FR41) -> -0.0011331148 | AT41: =SLOPE(TFlight!G81:FR81,TPoints!G81:FR81) -> -4.1667044e-05 | AU41: =SLOPE(TContact!H41:FR41,TPoints!H41:FR41) -> 0.00042057031 | AV41: =SLOPE(TContact!H81:FR81,TPoints!H81:FR81) -> 0.00030130441 | AW41: =SLOPE(Elevation!G41:FR41,TPoints!G41:FR41) -> -0.06717261 | AX41: =SLOPE(Elevation!G81:FR81,TPoints!G81:FR81) -> -0.0015953243 | AY41: =SLOPE(Power!H41:FR41,TPoints!H41:FR41) -> -0.084980325 | AZ41: =SLOPE(Power!H81:FR81,TPoints!H81:FR81) -> -0.0021742778 | BA41: =SLOPE(Pace!H41:FR41,TPoints!H41:FR41) -> 0.0028169641 | BB41: =SLOPE(Pace!H81:FR81,TPoints!H81:FR81) -> -0.0018786956 | BC41: =SLOPE(RSI!H41:FR41,TPoints!H41:FR41) -> -0.0029224724 | BD41: =SLOPE(RSI!H81:FR81,TPoints!H81:FR81) -> -0.00010983117 | BE41: =SLOPE(StepWidth!G41:FR41,TPoints!G41:FR41) -> -1.6112908 | BF41: =SLOPE(StepWidth!G81:FR81,TPoints!G81:FR81) -> 1.1986479 | BG41: =SLOPE(Distance!H41:FR41,TPoints!H41:FR41) -> -0.080952447 | BH41: =SLOPE(Distance!H81:FR81,TPoints!H81:FR81) -> -0.014688849 | BI41: =100*(MAX(TFlight!G41:FR41)-MIN(TFlight!G41:FR41))/MAX(TFlight!G41:FR41) -> 45.512821 | BJ41: =100*(MAX(TFlight!G81:FR81)-MIN(TFlight!G81:FR81))/MAX(TFlight!G81:FR81) -> 61.403509 | BK41: =100*(MAX(TContact!H41:FR41)-MIN(TContact!H41:FR41))/MAX(TContact!H41:FR41) -> 31.764706 | BL41: =100*(MAX(TContact!H81:FR81)-MIN(TContact!H81:FR81))/MAX(TContact!H81:FR81) -> 36.809816 | BM41: =100*(MAX(Elevation!G41:FR41)-MIN(Elevation!G41:FR41))/MAX(Elevation!G41:FR41) -> 70.588235 | BN41: =100*(MAX(Elevation!G81:FR81)-MIN(Elevation!G81:FR81))/MAX(Elevation!G81:FR81) -> 85.9375 | BO41: =100*(MAX(Power!H41:FR41)-MIN(Power!H41:FR41))/MAX(Power!H41:FR41) -> 63.199513 | BP41: =100*(MAX(Power!H81:FR81)-MIN(Power!H81:FR81))/MAX(Power!H81:FR81) -> 73.624538 | BQ41: =100*(MAX(Pace!H41:FR41)-MIN(Pace!H41:FR41))/MAX(Pace!H41:FR41) -> 24.482759 | BR41: =100*(MAX(Pace!H81:FR81)-MIN(Pace!H81:FR81))/MAX(Pace!H81:FR81) -> 26.406926 | BS41: =100*(MAX(RSI!H41:FR41)-MIN(RSI!H41:FR41))/MAX(RSI!H41:FR41) -> 78.337596 | BT41: =100*(MAX(RSI!H81:FR81)-MIN(RSI!H81:FR81))/MAX(RSI!H81:FR81) -> 86.941964 | BU41: =100*(MAX(StepWidth!G41:FR41)-MIN(StepWidth!G41:FR41))/MAX(StepWidth!G41:FR41) -> 57.531529 | BV41: =100*(MAX(StepWidth!G81:FR81)-MIN(StepWidth!G81:FR81))/MAX(StepWidth!G81:FR81) -> 56.00921 | BW41: =100*(MAX(Distance!H41:FR41)-MIN(Distance!H41:FR41))/MAX(Distance!H41:FR41) -> 97.537693 | BX41: =100*(MAX(Distance!H81:FR81)-MIN(Distance!H81:FR81))/MAX(Distance!H81:FR81) -> 94.955924

Sheet GeneralSt
A1: Index | B1: Name | C1: Test | D1: Group | E1: Sex | F1: Weight | G1: Height | H1: WPX1J | I1: StepWidth1J1 | J1: StepWidth1J2 | K1: TFlight1J | L1: Elevation1J | M1: NJumps | N1: TFlight | O1: TContact | P1: Elevation | Q1: Power | R1: Pace | S1: RSI | T1: WPX | U1: WPY | V1: StepWidth | W1: Distance | X1: TTotalSum | Y1: TTotalAvg | Z1: SlopeTF | AA1: SlopeTC | AB1: SlopeE | AC1: SlopePw | AD1: SlopePace | AE1: SlopeRSI | AF1: SlopeStepWidth | AG1: SlopeDistance | AH1: BoscoTFlight | AI1: BoscoTContact | AJ1: BoscoElevation | AK1: BoscoPower | AL1: BoscoPace | AM1: BoscoRSI | AN1: BoscoStepWidth | AO1: BoscoDistance
A2: 1 | B2: o1 | C2: Initial | D2: J | E2: F | F2: 69 | G2: 158 | H2: 1.1 | I2: 24 | J2: 27.1 | K2: 0.396 | L2: 19.2 | M2: 122 | N2: 0.18412295 | O2: 0.30944628 | P2: 4.3245902 | Q2: 7.4688274 | R2: 2.0526649 | S2: 0.15572703 | T2: 10.163636 | U2: 2.9793388 | V2: 501.20164 | W2: 5.5264096 | X2: 59.906 | Y2: 0.49103279 | Z2: =SLOPE(TFlight!G2:FR2,TPoints!G2:FR2) -> -0.0012364034 | AA2: =SLOPE(TContact!H2:FR2,TPoints!H2:FR2) -> 0.00026183766 | AB2: =SLOPE(Elevation!G2:FR2,TPoints!G2:FR2) -> -0.057057162 | AC2: =SLOPE(Power!H2:FR2,TPoints!H2:FR2) -> -0.069713536 | AD2: =SLOPE(Pace!H2:FR2,TPoints!H2:FR2) -> 0.0036433542 | AE2: =SLOPE(RSI!H2:FR2,TPoints!H2:FR2) -> -0.0020763793 | AF2: =SLOPE(StepWidth!G2:FR2,TPoints!G2:FR2) -> -1.481837 | AG2: =SLOPE(Distance!H2:FR2,TPoints!H2:FR2) -> -0.042946386 | AH2: =100*(MAX(TFlight!G2:FR2)-MIN(TFlight!G2:FR2))/MAX(TFlight!G2:FR2) -> 74.948665 | AI2: =100*(MAX(TContact!H2:FR2)-MIN(TContact!H2:FR2))/MAX(TContact!H2:FR2) -> 95.05814 | AJ2: =100*(MAX(Elevation!G2:FR2)-MIN(Elevation!G2:FR2))/MAX(Elevation!G2:FR2) -> 93.814433 | AK2: =100*(MAX(Power!H2:FR2)-MIN(Power!H2:FR2))/MAX(Power!H2:FR2) -> 91.533225 | AL2: =100*(MAX(Pace!H2:FR2)-MIN(Pace!H2:FR2))/MAX(Pace!H2:FR2) -> 76.448829 | AM2: =100*(MAX(RSI!H2:FR2)-MIN(RSI!H2:FR2))/MAX(RSI!H2:FR2) -> 97.581792 | AN2: =100*(MAX(StepWidth!G2:FR2)-MIN(StepWidth!G2:FR2))/MAX(StepWidth!G2:FR2) -> 84.515746 | AO2: =100*(MAX(Distance!H2:FR2)-MIN(Distance!H2:FR2))/MAX(Distance!H2:FR2) -> 94.867406
A3: 2 | B3: o2 | C3: Initial | D3: B | E3: M | F3: 70 | G3: 157 | H3: 0 | I3: 0 | J3: 42.7 | K3: 0.348 | L3: 14.8 | M3: 135 | N3: 0.18534815 | O3: 0.26132836 | P3: 4.3511111 | Q3: 7.7648689 | R3: 2.247888 | S3: 0.16911416 | T3: 3.9529851 | U3: 7.0470149 | V3: 778.53926 | W3: 7.5052544 | X3: 60.04 | Y3: 0.44474074 | Z3: =SLOPE(TFlight!G3:FR3,TPoints!G3:FR3) -> -0.0014249813 | AA3: =SLOPE(TContact!H3:FR3,TPoints!H3:FR3) -> 0.00038717841 | AB3: =SLOPE(Elevation!G3:FR3,TPoints!G3:FR3) -> -0.067642414 | AC3: =SLOPE(Power!H3:FR3,TPoints!H3:FR3) -> -0.092408945 | AD3: =SLOPE(Pace!H3:FR3,TPoints!H3:FR3) -> 0.0051172557 | AE3: =SLOPE(RSI!H3:FR3,TPoints!H3:FR3) -> -0.0029524293 | AF3: =SLOPE(StepWidth!G3:FR3,TPoints!G3:FR3) -> -1.8888534 | AG3: =SLOPE(Distance!H3:FR3,TPoints!H3:FR3) -> 0.014513489 | AH3: =100*(MAX(TFlight!G3:FR3)-MIN(TFlight!G3:FR3))/MAX(TFlight!G3:FR3) -> 58.695652 | AI3: =100*(MAX(TContact!H3:FR3)-MIN(TContact!H3:FR3))/MAX(TContact!H3:FR3) -> 30.718954 | AJ3: =100*(MAX(Elevation!G3:FR3)-MIN(Elevation!G3:FR3))/MAX(Elevation!G3:FR3) -> 82.795699 | AK3: =100*(MAX(Power!H3:FR3)-MIN(Power!H3:FR3))/MAX(Power!H3:FR3) -> 73.617815 | AL3: =100*(MAX(Pace!H3:FR3)-MIN(Pace!H3:FR3))/MAX(Pace!H3:FR3) -> 22.957198 | AM3: =100*(MAX(RSI!H3:FR3)-MIN(RSI!H3:FR3))/MAX(RSI!H3:FR3) -> 86.331399 | AN3: =100*(MAX(StepWidth!G3:FR3)-MIN(StepWidth!G3:FR3))/MAX(StepWidth!G3:FR3) -> 67.538708 | AO3: =100*(MAX(Distance!H3:FR3)-MIN(Distance!H3:FR3))/MAX(Distance!H3:FR3) -> 100
A4: 3 | B4: o3 | C4: Initial | D4: J | E4: F | F4: 67 | G4: 156 | H4: 5.8 | I4: 22.9 | J4: 43.8 | K4: 0.441 | L4: 23.8 | M4: 105 | N4: 0.27706667 | O4: 0.29490385 | P4: 9.5580952 | Q4: 13.118771 | R4: 1.7594164 | S4: 0.32950798 | T4: 9.2961538 | U4: 5.8153846 | V4: 732.44571 | W4: 11.384442 | X4: 59.762 | Y4: 0.5691619 | Z4: =SLOPE(TFlight!G4:FR4,TPoints!G4:FR4) -> -0.0013306825 | AA4: =SLOPE(TContact!H4:FR4,TPoints!H4:FR4) -> -0.00022116082 | AB4: =SLOPE(Elevation!G4:FR4,TPoints!G4:FR4) -> -0.084553303 | AC4: =SLOPE(Power!H4:FR4,TPoints!H4:FR4) -> -0.088587874 | AD4: =SLOPE(Pace!H4:FR4,TPoints!H4:FR4) -> 0.0045518142 | AE4: =SLOPE(RSI!H4:FR4,TPoints!H4:FR4) -> -0.0028536843 | AF4: =SLOPE(StepWidth!G4:FR4,TPoints!G4:FR4) -> 3.2431868 | AG4: =SLOPE(Distance!H4:FR4,TPoints!H4:FR4) -> -0.031273173 | AH4: =100*(MAX(TFlight!G4:FR4)-MIN(TFlight!G4:FR4))/MAX(TFlight!G4:FR4) -> 58.181818 | AI4: =100*(MAX(TContact!H4:FR4)-MIN(TContact!H4:FR4))/MAX(TContact!H4:FR4) -> 65.363128 | AJ4: =100*(MAX(Elevation!G4:FR4)-MIN(Elevation!G4:FR4))/MAX(Elevation!G4:FR4) -> 82.706767 | AK4: =100*(MAX(Power!H4:FR4)-MIN(Power!H4:FR4))/MAX(Power!H4:FR4) -> 73.815731 | AL4: =100*(MAX(Pace!H4:FR4)-MIN(Pace!H4:FR4))/MAX(Pace!H4:FR4) -> 54.618474 | AM4: =100*(MAX(RSI!H4:FR4)-MIN(RSI!H4:FR4))/MAX(RSI!H4:FR4) -> 87.306202 | AN4: =100*(MAX(StepWidth!G4:FR4)-MIN(StepWidth!G4:FR4))/MAX(StepWidth!G4:FR4) -> 52.590314 | AO4: =100*(MAX(Distance!H4:FR4)-MIN(Distance!H4:FR4))/MAX(Distance!H4:FR4) -> 100
A5: 4 | B5: o4 | C5: Initial | D5: B | E5: F | F5: 63 | G5: 151 | H5: -6.3 | I5: 24 | J5: 25 | K5: 0.352 | L5: 15.2 | M5: 122 | N5: 0.23113115 | O5: 0.26495868 | P5: 6.707377 | Q5: 10.580177 | R5: 2.0242633 | S5: 0.25670932 | T5: 6.1471074 | U5: 14.550413 | V5: 447.20164 | W5: 6.9325309 | X5: 60.258 | Y5: 0.49391803 | Z5: =SLOPE(TFlight!G5:FR5,TPoints!G5:FR5) -> -0.0010880268 | AA5: =SLOPE(TContact!H5:FR5,TPoints!H5:FR5) -> 0.00020250929 | AB5: =SLOPE(Elevation!G5:FR5,TPoints!G5:FR5) -> -0.062688248 | AC5: =SLOPE(Power!H5:FR5,TPoints!H5:FR5) -> -0.073324366 | AD5: =SLOPE(Pace!H5:FR5,TPoints!H5:FR5) -> 0.0033908977 | AE5: =SLOPE(RSI!H5:FR5,TPoints!H5:FR5) -> -0.0024366125 | AF5: =SLOPE(StepWidth!G5:FR5,TPoints!G5:FR5) -> -0.5049609 | AG5: =SLOPE(Distance!H5:FR5,TPoints!H5:FR5) -> -0.0016277799 | AH5: =100*(MAX(TFlight!G5:FR5)-MIN(TFlight!G5:FR5))/MAX(TFlight!G5:FR5) -> 51.851852 | AI5: =100*(MAX(TContact!H5:FR5)-MIN(TContact!H5:FR5))/MAX(TContact!H5:FR5) -> 30.434783 | AJ5: =100*(MAX(Elevation!G5:FR5)-MIN(Elevation!G5:FR5))/MAX(Elevation!G5:FR5) -> 76.744186 | AK5: =100*(MAX(Power!H5:FR5)-MIN(Power!H5:FR5))/MAX(Power!H5:FR5) -> 68.315392 | AL5: =100*(MAX(Pace!H5:FR5)-MIN(Pace!H5:FR5))/MAX(Pace!H5:FR5) -> 26.804124 | AM5: =100*(MAX(RSI!H5:FR5)-MIN(RSI!H5:FR5))/MAX(RSI!H5:FR5) -> 81.36646 | AN5: =100*(MAX(StepWidth!G5:FR5)-MIN(StepWidth!G5:FR5))/MAX(StepWidth!G5:FR5) -> 66.662015 | AO5: =100*(MAX(Distance!H5:FR5)-MIN(Distance!H5:FR5))/MAX(Distance!H5:FR5) -> 99.452045
A6: 5 | B6: o5 | C6: Initial | D6: J | E6: M | F6: 58 | G6: 146 | H6: 6.8 | I6: 24 | J6: 47.9 | K6: 0.437 | L6: 23.4 | M6: 104 | N6: 0.29269231 | O6: 0.28415534 | P6: 10.629808 | Q6: 14.446068 | R6: 1.7386097 | S6: 0.37799077 | T6: 9.2563107 | U6: 10.61165 | V6: 623.32019 | W6: 9.1813938 | X6: 59.708 | Y6: 0.57411538 | Z6: =SLOPE(TFlight!G6:FR6,TPoints!G6:FR6) -> -0.0012340379 | AA6: =SLOPE(TContact!H6:FR6,TPoints!H6:FR6) -> 0.00033848779 | AB6: =SLOPE(Elevation!G6:FR6,TPoints!G6:FR6) -> -0.087679877 | AC6: =SLOPE(Power!H6:FR6,TPoints!H6:FR6) -> -0.101877 | AD6: =SLOPE(Pace!H6:FR6,TPoints!H6:FR6) -> 0.0027668923 | AE6: =SLOPE(RSI!H6:FR6,TPoints!H6:FR6) -> -0.003642162 | AF6: =SLOPE(StepWidth!G6:FR6,TPoints!G6:FR6) -> 1.0193617 | AG6: =SLOPE(Distance!H6:FR6,TPoints!H6:FR6) -> -0.05657095 | AH6: =100*(MAX(TFlight!G6:FR6)-MIN(TFlight!G6:FR6))/MAX(TFlight!G6:FR6) -> 46.511628 | AI6: =100*(MAX(TContact!H6:FR6)-MIN(TContact!H6:FR6))/MAX(TContact!H6:FR6) -> 32.58427 | AJ6: =100*(MAX(Elevation!G6:FR6)-MIN(Elevation!G6:FR6))/MAX(Elevation!G6:FR6) -> 71.034483 | AK6: =100*(MAX(Power!H6:FR6)-MIN(Power!H6:FR6))/MAX(Power!H6:FR6) -> 63.398195 | AL6: =100*(MAX(Pace!H6:FR6)-MIN(Pace!H6:FR6))/MAX(Pace!H6:FR6) -> 27.743902 | AM6: =100*(MAX(RSI!H6:FR6)-MIN(RSI!H6:FR6))/MAX(RSI!H6:FR6) -> 75.522098 | AN6: =100*(MAX(StepWidth!G6:FR6)-MIN(StepWidth!G6:FR6))/MAX(StepWidth!G6:FR6) -> 59.559819 | AO6: =100*(MAX(Distance!H6:FR6)-MIN(Distance!H6:FR6))/MAX(Distance!H6:FR6) -> 98.367612
A7: 6 | B7: o6 | C7: Initial | D7: B | E7: M | F7: 59 | G7: 149 | H7: 2 | I7: 24 | J7: 22.9 | K7: 0.324 | L7: 12.9 | M7: 144 | N7: 0.17319444 | O7: 0.24577622 | P7: 3.7819444 | Q7: 7.3377124 | R7: 2.4222812 | S7: 0.16155303 | T7: 8.3573427 | U7: 6.7104895 | V7: 461.00833 | W7: 5.7043799 | X7: 60.086 | Y7: 0.41726389 | Z7: =SLOPE(TFlight!G7:FR7,TPoints!G7:FR7) -> -0.00045430103 | AA7: =SLOPE(TContact!H7:FR7,TPoints!H7:FR7) -> -0.00072134029 | AB7: =SLOPE(Elevation!G7:FR7,TPoints!G7:FR7) -> -0.018629115 | AC7: =SLOPE(Power!H7:FR7,TPoints!H7:FR7) -> -0.024643129 | AD7: =SLOPE(Pace!H7:FR7,TPoints!H7:FR7) -> 0.0045972866 | AE7: =SLOPE(RSI!H7:FR7,TPoints!H7:FR7) -> -0.00067268364 | AF7: =SLOPE(StepWidth!G7:FR7,TPoints!G7:FR7) -> -0.8807157 | AG7: =SLOPE(Distance!H7:FR7,TPoints!H7:FR7) -> -0.024558802 | AH7: =100*(MAX(TFlight!G7:FR7)-MIN(TFlight!G7:FR7))/MAX(TFlight!G7:FR7) -> 54.411765 | AI7: =100*(MAX(TContact!H7:FR7)-MIN(TContact!H7:FR7))/MAX(TContact!H7:FR7) -> 84.163701 | AJ7: =100*(MAX(Elevation!G7:FR7)-MIN(Elevation!G7:FR7))/MAX(Elevation!G7:FR7) -> 79.120879 | AK7: =100*(MAX(Power!H7:FR7)-MIN(Power!H7:FR7))/MAX(Power!H7:FR7) -> 69.262168 | AL7: =100*(MAX(Pace!H7:FR7)-MIN(Pace!H7:FR7))/MAX(Pace!H7:FR7) -> 74.277017 | AM7: =100*(MAX(RSI!H7:FR7)-MIN(RSI!H7:FR7))/MAX(RSI!H7:FR7) -> 90.583822 | AN7: =100*(MAX(StepWidth!G7:FR7)-MIN(StepWidth!G7:FR7))/MAX(StepWidth!G7:FR7) -> 68.182347 | AO7: =100*(MAX(Distance!H7:FR7)-MIN(Distance!H7:FR7))/MAX(Distance!H7:FR7) -> 96.246479
A8: 7 | B8: o7 | C8: Initial | D8: B | E8: M | F8: 50 | G8: 139 | H8: -8.3 | I8: 24 | J8: 28.1 | K8: 0.343 | L8: 14.4 | M8: 125 | N8: 0.226608 | O8: 0.2548871 | P8: 6.5736 | Q8: 10.796044 | R8: 2.1053886 | S8: 0.27186773 | T8: 19.176613 | U8: 18.567742 | V8: 568.2856 | W8: 9.7233426 | X8: 59.932 | Y8: 0.479456 | Z8: =SLOPE(TFlight!G8:FR8,TPoints!G8:FR8) -> -0.00076993923 | AA8: =SLOPE(TContact!H8:FR8,TPoints!H8:FR8) -> 0.0010976802 | AB8: =SLOPE(Elevation!G8:FR8,TPoints!G8:FR8) -> -0.037853796 | AC8: =SLOPE(Power!H8:FR8,TPoints!H8:FR8) -> -0.065554966 | AD8: =SLOPE(Pace!H8:FR8,TPoints!H8:FR8) -> 0.00050749082 | AE8: =SLOPE(RSI!H8:FR8,TPoints!H8:FR8) -> -0.0023044388 | AF8: =SLOPE(StepWidth!G8:FR8,TPoints!G8:FR8) -> 4.6707936 | AG8: =SLOPE(Distance!H8:FR8,TPoints!H8:FR8) -> 0.03876446 | AH8: =100*(MAX(TFlight!G8:FR8)-MIN(TFlight!G8:FR8))/MAX(TFlight!G8:FR8) -> 90.419162 | AI8: =100*(MAX(TContact!H8:FR8)-MIN(TContact!H8:FR8))/MAX(TContact!H8:FR8) -> 77.230047 | AJ8: =100*(MAX(Elevation!G8:FR8)-MIN(Elevation!G8:FR8))/MAX(Elevation!G8:FR8) -> 99.270073 | AK8: =100*(MAX(Power!H8:FR8)-MIN(Power!H8:FR8))/MAX(Power!H8:FR8) -> 95.752843 | AL8: =100*(MAX(Pace!H8:FR8)-MIN(Pace!H8:FR8))/MAX(Pace!H8:FR8) -> 70.676692 | AM8: =100*(MAX(RSI!H8:FR8)-MIN(RSI!H8:FR8))/MAX(RSI!H8:FR8) -> 99.490332 | AN8: =100*(MAX(StepWidth!G8:FR8)-MIN(StepWidth!G8:FR8))/MAX(StepWidth!G8:FR8) -> 76.742526 | AO8: =100*(MAX(Distance!H8:FR8)-MIN(Distance!H8:FR8))/MAX(Distance!H8:FR8) -> 98.509063
A9: 8 | B9: o8 | C9: Initial | D9: B | E9: F | F9: 62 | G9: 150 | H9: 3.6 | I9: 25 | J9: 27.1 | K9: 0.356 | L9: 15.5 | M9: 167 | N9: 0.14863473 | O9: 0.21239759 | P9: 2.8041916 | Q9: 6.2489169 | R9: 2.782822 | S9: 0.1358733 | T9: 5.2439759 | U9: 10.383735 | V9: 533.3485 | W9: 4.9613023 | X9: 60.08 | Y9: 0.35976048 | Z9: =SLOPE(TFlight!G9:FR9,TPoints!G9:FR9) -> -0.00067424035 | AA9: =SLOPE(TContact!H9:FR9,TPoints!H9:FR9) -> 0.00050254337 | AB9: =SLOPE(Elevation!G9:FR9,TPoints!G9:FR9) -> -0.025847364 | AC9: =SLOPE(Power!H9:FR9,TPoints!H9:FR9) -> -0.048890743 | AD9: =SLOPE(Pace!H9:FR9,TPoints!H9:FR9) -> 0.001452834 | AE9: =SLOPE(RSI!H9:FR9,TPoints!H9:FR9) -> -0.0016059533 | AF9: =SLOPE(StepWidth!G9:FR9,TPoints!G9:FR9) -> 0.68330806 | AG9: =SLOPE(Distance!H9:FR9,TPoints!H9:FR9) -> 0.0049770575 | AH9: =100*(MAX(TFlight!G9:FR9)-MIN(TFlight!G9:FR9))/MAX(TFlight!G9:FR9) -> 66.972477 | AI9: =100*(MAX(TContact!H9:FR9)-MIN(TContact!H9:FR9))/MAX(TContact!H9:FR9) -> 38.888889 | AJ9: =100*(MAX(Elevation!G9:FR9)-MIN(Elevation!G9:FR9))/MAX(Elevation!G9:FR9) -> 89.655172 | AK9: =100*(MAX(Power!H9:FR9)-MIN(Power!H9:FR9))/MAX(Power!H9:FR9) -> 79.607843 | AL9: =100*(MAX(Pace!H9:FR9)-MIN(Pace!H9:FR9))/MAX(Pace!H9:FR9) -> 32.579186 | AM9: =100*(MAX(RSI!H9:FR9)-MIN(RSI!H9:FR9))/MAX(RSI!H9:FR9) -> 91.578947 | AN9: =100*(MAX(StepWidth!G9:FR9)-MIN(StepWidth!G9:FR9))/MAX(StepWidth!G9:FR9) -> 57.268433 | AO9: =100*(MAX(Distance!H9:FR9)-MIN(Distance!H9:FR9))/MAX(Distance!H9:FR9) -> 100
A10: 9 | B10: o9 | C10: Initial | D10: B | E10: M | F10: 73 | G10: 156 | H10: 4.2 | I10: 24 | J10: 30.2 | K10: 0.406 | L10: 20.2 | M10: 147 | N10: 0.11587755 | O10: 0.294 | P10: 1.7530612 | Q10: 3.9713112 | R10: 2.4788886 | S10: 0.060800359 | T10: 9.559589 | U10: 13.228082 | V10: 829.02313 | W10: 4.1755014 | X10: 59.958 | Y10: 0.40787755 | Z10: =SLOPE(TFlight!G10:FR10,TPoints!G10:FR10) -> -0.00092493018 | AA10: =SLOPE(TContact!H10:FR10,TPoints!H10:FR10) -> 2.9047345e-05 | AB10: =SLOPE(Elevation!G10:FR10,TPoints!G10:FR10) -> -0.030113658 | AC10: =SLOPE(Power!H10:FR10,TPoints!H10:FR10) -> -0.039547261 | AD10: =SLOPE(Pace!H10:FR10,TPoints!H10:FR10) -> 0.0052935873 | AE10: =SLOPE(RSI!H10:FR10,TPoints!H10:FR10) -> -0.00093040311 | AF10: =SLOPE(StepWidth!G10:FR10,TPoints!G10:FR10) -> -4.5605151 | AG10: =SLOPE(Distance!H10:FR10,TPoints!H10:FR10) -> 0.022242472 | AH10: =100*(MAX(TFlight!G10:FR10)-MIN(TFlight!G10:FR10))/MAX(TFlight!G10:FR10) -> 84.126984 | AI10: =100*(MAX(TContact!H10:FR10)-MIN(TContact!H10:FR10))/MAX(TContact!H10:FR10) -> 70.605187 | AJ10: =100*(MAX(Elevation!G10:FR10)-MIN(Elevation!G10:FR10))/MAX(Elevation!G10:FR10) -> 97.435897 | AK10: =100*(MAX(Power!H10:FR10)-MIN(Power!H10:FR10))/MAX(Power!H10:FR10) -> 90.904018 | AL10: =100*(MAX(Pace!H10:FR10)-MIN(Pace!H10:FR10))/MAX(Pace!H10:FR10) -> 55.858311 | AM10: =100*(MAX(RSI!H10:FR10)-MIN(RSI!H10:FR10))/MAX(RSI!H10:FR10) -> 98.898988 | AN10: =100*(MAX(StepWidth!G10:FR10)-MIN(StepWidth!G10:FR10))/MAX(StepWidth!G10:FR10) -> 63.315195 | AO10: =100*(MAX(Distance!H10:FR10)-MIN(Distance!H10:FR10))/MAX(Distance!H10:FR10) -> 98.611956
A11: 10 | B11: o10 | C11: Initial | D11: J | E11: F | F11: 67 | G11: 158 | H11: 6.7 | I11: 26 | J11: 26 | K11: 0.461 | L11: 26.1 | M11: 114 | N11: 0.22185965 | O11: 0.30663717 | P11: 6.1342105 | Q11: 9.3209724 | R11: 1.89643 | S11: 0.20393189 | T11: 10.309735 | U11: 3.9964602 | V11: 699.25789 | W11: 7.3488496 | X11: 59.942 | Y11: 0.52580702 | Z11: =SLOPE(TFlight!G11:FR11,TPoints!G11:FR11) -> -0.00061808464 | AA11: =SLOPE(TContact!H11:FR11,TPoints!H11:FR11) -> 0.0001870422 | AB11: =SLOPE(Elevation!G11:FR11,TPoints!G11:FR11) -> -0.036761698 | AC11: =SLOPE(Power!H11:FR11,TPoints!H11:FR11) -> -0.040952864 | AD11: =SLOPE(Pace!H11:FR11,TPoints!H11:FR11) -> 0.0013749525 | AE11: =SLOPE(RSI!H11:FR11,TPoints!H11:FR11) -> -0.0013891652 | AF11: =SLOPE(StepWidth!G11:FR11,TPoints!G11:FR11) -> 0.55922474 | AG11: =SLOPE(Distance!H11:FR11,TPoints!H11:FR11) -> 0.021503282 | AH11: =100*(MAX(TFlight!G11:FR11)-MIN(TFlight!G11:FR11))/MAX(TFlight!G11:FR11) -> 48.101266 | AI11: =100*(MAX(TContact!H11:FR11)-MIN(TContact!H11:FR11))/MAX(TContact!H11:FR11) -> 36.787565 | AJ11: =100*(MAX(Elevation!G11:FR11)-MIN(Elevation!G11:FR11))/MAX(Elevation!G11:FR11) -> 72.95082 | AK11: =100*(MAX(Power!H11:FR11)-MIN(Power!H11:FR11))/MAX(Power!H11:FR11) -> 67.779376 | AL11: =100*(MAX(Pace!H11:FR11)-MIN(Pace!H11:FR11))/MAX(Pace!H11:FR11) -> 15.789474 | AM11: =100*(MAX(RSI!H11:FR11)-MIN(RSI!H11:FR11))/MAX(RSI!H11:FR11) -> 82.901554 | AN11: =100*(MAX(StepWidth!G11:FR11)-MIN(StepWidth!G11:FR11))/MAX(StepWidth!G11:FR11) -> 59.492591 | AO11: =100*(MAX(Distance!H11:FR11)-MIN(Distance!H11:FR11))/MAX(Distance!H11:FR11) -> 93.41384
A12: 11 | B12: o11 | C12: Initial | D12: B | E12: F | F12: 78 | G12: 160 | H12: 6.2 | I12: 26 | J12: 26 | K12: 0.277 | L12: 9.4 | M12: 125 | N12: 0.18192 | O12: 0.30241935 | P12: 4.0992 | Q12: 7.0615786 | R12: 2.0728264 | S12: 0.13733973 | T12: 14.137097 | U12: 6.5048387 | V12: 616.1336 | W12: 4.3986533 | X12: 60.24 | Y12: 0.48192 | Z12: =SLOPE(TFlight!G12:FR12,TPoints!G12:FR12) -> -0.00068664227 | AA12: =SLOPE(TContact!H12:FR12,TPoints!H12:FR12) -> 0.00036008798 | AB12: =SLOPE(Elevation!G12:FR12,TPoints!G12:FR12) -> -0.030466696 | AC12: =SLOPE(Power!H12:FR12,TPoints!H12:FR12) -> -0.038413553 | AD12: =SLOPE(Pace!H12:FR12,TPoints!H12:FR12) -> 0.0016305964 | AE12: =SLOPE(RSI!H12:FR12,TPoints!H12:FR12) -> -0.0011186088 | AF12: =SLOPE(StepWidth!G12:FR12,TPoints!G12:FR12) -> 1.0527018 | AG12: =SLOPE(Distance!H12:FR12,TPoints!H12:FR12) -> -0.017415017 | AH12: =100*(MAX(TFlight!G12:FR12)-MIN(TFlight!G12:FR12))/MAX(TFlight!G12:FR12) -> 36.697248 | AI12: =100*(MAX(TContact!H12:FR12)-MIN(TContact!H12:FR12))/MAX(TContact!H12:FR12) -> 62.130178 | AJ12: =100*(MAX(Elevation!G12:FR12)-MIN(Elevation!G12:FR12))/MAX(Elevation!G12:FR12) -> 60.344828 | AK12: =100*(MAX(Power!H12:FR12)-MIN(Power!H12:FR12))/MAX(Power!H12:FR12) -> 56.246653 | AL12: =100*(MAX(Pace!H12:FR12)-MIN(Pace!H12:FR12))/MAX(Pace!H12:FR12) -> 45.96577 | AM12: =100*(MAX(RSI!H12:FR12)-MIN(RSI!H12:FR12))/MAX(RSI!H12:FR12) -> 82.656601 | AN12: =100*(MAX(StepWidth!G12:FR12)-MIN(StepWidth!G12:FR12))/MAX(StepWidth!G12:FR12) -> 45.236355 | AO12: =100*(MAX(Distance!H12:FR12)-MIN(Distance!H12:FR12))/MAX(Distance!H12:FR12) -> 100
A13: 12 | B13: o12 | C13: Initial | D13: B | E13: F | F13: 88 | G13: 160 | H13: 7.3 | I13: 26 | J13: 31.3 | K13: 0.277 | L13: 9.4 | M13: 132 | N13: 0.12589394 | O13: 0.33071756 | P13: 1.9651515 | Q13: 4.2077691 | R13: 2.1916768 | S13: 0.060016777 | T13: 3.2030534 | U13: 6.9358779 | V13: 709.25227 | W13: 4.614301 | X13: 59.942 | Y13: 0.45410606 | Z13: =SLOPE(TFlight!G13:FR13,TPoints!G13:FR13) -> -0.00031521593 | AA13: =SLOPE(TContact!H13:FR13,TPoints!H13:FR13) -> 0.00047980646 | AB13: =SLOPE(Elevation!G13:FR13,TPoints!G13:FR13) -> -0.0094050395 | AC13: =SLOPE(Power!H13:FR13,TPoints!H13:FR13) -> -0.01525055 | AD13: =SLOPE(Pace!H13:FR13,TPoints!H13:FR13) -> -0.00075476283 | AE13: =SLOPE(RSI!H13:FR13,TPoints!H13:FR13) -> -0.00037421944 | AF13: =SLOPE(StepWidth!G13:FR13,TPoints!G13:FR13) -> -5.9492063 | AG13: =SLOPE(Distance!H13:FR13,TPoints!H13:FR13) -> -0.011402827 | AH13: =100*(MAX(TFlight!G13:FR13)-MIN(TFlight!G13:FR13))/MAX(TFlight!G13:FR13) -> 48.809524 | AI13: =100*(MAX(TContact!H13:FR13)-MIN(TContact!H13:FR13))/MAX(TContact!H13:FR13) -> 19.892473 | AJ13: =100*(MAX(Elevation!G13:FR13)-MIN(Elevation!G13:FR13))/MAX(Elevation!G13:FR13) -> 74.285714 | AK13: =100*(MAX(Power!H13:FR13)-MIN(Power!H13:FR13))/MAX(Power!H13:FR13) -> 59.093692 | AL13: =100*(MAX(Pace!H13:FR13)-MIN(Pace!H13:FR13))/MAX(Pace!H13:FR13) -> 11.934156 | AM13: =100*(MAX(RSI!H13:FR13)-MIN(RSI!H13:FR13))/MAX(RSI!H13:FR13) -> 78.360656 | AN13: =100*(MAX(StepWidth!G13:FR13)-MIN(StepWidth!G13:FR13))/MAX(StepWidth!G13:FR13) -> 60.400542 | AO13: =100*(MAX(Distance!H13:FR13)-MIN(Distance!H13:FR13))/MAX(Distance!H13:FR13) -> 98.405096
... A81: 40 | B81: o40 | C81: Final | D81: J | E81: F | F81: 55 | G81: 147 | H81: -3.1 | I81: 27.1 | J81: 27.1 | K81: 0.368 | L81: 16.6 | M81: 147 | N81: 0.14919728 | O81: 0.26039726 | P81: 2.7823129 | Q81: 5.6914029 | R81: 2.4510086 | S81: 0.10771954 | T81: 5.9815068 | U81: 2.8157534 | V81: 446.78095 | W81: 3.5393781 | X81: 59.95 | Y81: 0.40782313 | Z81: =SLOPE(TFlight!G81:FR81,TPoints!G81:FR81) -> -4.1667044e-05 | AA81: =SLOPE(TContact!H81:FR81,TPoints!H81:FR81) -> 0.00030130441 | AB81: =SLOPE(Elevation!G81:FR81,TPoints!G81:FR81) -> -0.0015953243 | AC81: =SLOPE(Power!H81:FR81,TPoints!H81:FR81) -> -0.0021742778 | AD81: =SLOPE(Pace!H81:FR81,TPoints!H81:FR81) -> -0.0018786956 | AE81: =SLOPE(RSI!H81:FR81,TPoints!H81:FR81) -> -0.00010983117 | AF81: =SLOPE(StepWidth!G81:FR81,TPoints!G81:FR81) -> 1.1986479 | AG81: =SLOPE(Distance!H81:FR81,TPoints!H81:FR81) -> -0.014688849 | AH81: =100*(MAX(TFlight!G81:FR81)-MIN(TFlight!G81:FR81))/MAX(TFlight!G81:FR81) -> 61.403509 | AI81: =100*(MAX(TContact!H81:FR81)-MIN(TContact!H81:FR81))/MAX(TContact!H81:FR81) -> 36.809816 | AJ81: =100*(MAX(Elevation!G81:FR81)-MIN(Elevation!G81:FR81))/MAX(Elevation!G81:FR81) -> 85.9375 | AK81: =100*(MAX(Power!H81:FR81)-MIN(Power!H81:FR81))/MAX(Power!H81:FR81) -> 73.624538 | AL81: =100*(MAX(Pace!H81:FR81)-MIN(Pace!H81:FR81))/MAX(Pace!H81:FR81) -> 26.406926 | AM81: =100*(MAX(RSI!H81:FR81)-MIN(RSI!H81:FR81))/MAX(RSI!H81:FR81) -> 86.941964 | AN81: =100*(MAX(StepWidth!G81:FR81)-MIN(StepWidth!G81:FR81))/MAX(StepWidth!G81:FR81) -> 56.00921 | AO81: =100*(MAX(Distance!H81:FR81)-MIN(Distance!H81:FR81))/MAX(Distance!H81:FR81) -> 94.955924

Sheet TFlight
A1: Index | B1: Name | C1: Test | D1: Group | E1: Sex | F1: NJumps | G1: 1 | H1: 2 | I1: 3 | J1: 4 | K1: 5 | L1: 6 | M1: 7 | N1: 8 | O1: 9 | P1: 10 | Q1: 11 | R1: 12 | S1: 13 | T1: 14 | U1: 15 | V1: 16 | W1: 17 | X1: 18 | Y1: 19 | Z1: 20 | AA1: 21 | AB1: 22 | AC1: 23 | AD1: 24 | AE1: 25 | AF1: 26 | AG1: 27 | AH1: 28 | AI1: 29 | AJ1: 30 | AK1: 31 | AL1: 32 | AM1: 33 | AN1: 34 | AO1: 35 | AP1: 36 | AQ1: 37 | AR1: 38 | AS1: 39 | AT1: 40 | AU1: 41 | AV1: 42 | AW1: 43 | AX1: 44 | AY1: 45 | AZ1: 46 | BA1: 47 | BB1: 48 | BC1: 49 | BD1: 50 | BE1: 51 | BF1: 52 | BG1: 53 | BH1: 54 | BI1: 55 | BJ1: 56 | BK1: 57 | BL1: 58 | BM1: 59 | BN1: 60 | BO1: 61 | BP1: 62 | BQ1: 63 | BR1: 64 | BS1: 65 | BT1: 66 | BU1: 67 | BV1: 68 | BW1: 69 | BX1: 70 | BY1: 71 | BZ1: 72 | CA1: 73 | CB1: 74 | CC1: 75 | CD1: 76 | CE1: 77 | CF1: 78 | CG1: 79 | CH1: 80 | CI1: 81 | CJ1: 82 | CK1: 83 | CL1: 84 | CM1: 85 | CN1: 86 | CO1: 87 | CP1: 88 | CQ1: 89 | CR1: 90 | CS1: 91 | CT1: 92 | CU1: 93 | CV1: 94 | CW1: 95 | CX1: 96 | CY1: 97 | CZ1: 98 | DA1: 99 | DB1: 100 | DC1: 101 | DD1: 102 | DE1: 103 | DF1: 104 | DG1: 105 | DH1: 106 | DI1: 107 | DJ1: 108 | DK1: 109 | DL1: 110 | DM1: 111 | DN1: 112 | DO1: 113 | DP1: 114 | DQ1: 115 | DR1: 116 | DS1: 117 | DT1: 118 | DU1: 119 | DV1: 120 | DW1: 121 | DX1: 122 | DY1: 123 | DZ1: 124 | EA1: 125 | EB1: 126 | EC1: 127 | ED1: 128 | EE1: 129 | EF1: 130 | EG1: 131 | EH1: 132 | EI1: 133 | EJ1: 134 | EK1: 135 | EL1: 136 | EM1: 137 | EN1: 138 | EO1: 139 | EP1: 140 | EQ1: 141 | ER1: 142 | ES1: 143 | ET1: 144 | EU1: 145 | EV1: 146 | EW1: 147 | EX1: 148 | EY1: 149 | EZ1: 150 | FA1: 151 | FB1: 152 | FC1: 153 | FD1: 154 | FE1: 155 | FF1: 156 | FG1: 157 | FH1: 158 | FI1: 159 | FJ1: 160 | FK1: 161 | FL1: 162 | FM1: 163 | FN1: 164 | FO1: 165 | FP1: 166 | FQ1: 167 | FR1: 168 | FS1: 169 | FT1: Mean
A2: 1 | B2: o1 | C2: Initial | D2: J | E2: F | F2: 122 | G2: 0.262 | H2: 0.236 | I2: 0.218 | J2: 0.23 | K2: 0.226 | L2: 0.216 | M2: 0.228 | N2: 0.238 | O2: 0.234 | P2: 0.226 | Q2: 0.22 | R2: 0.222 | S2: 0.224 | T2: 0.218 | U2: 0.208 | V2: 0.192 | W2: 0.216 | X2: 0.208 | Y2: 0.21 | Z2: 0.198 | AA2: 0.194 | AB2: 0.206 | AC2: 0.206 | AD2: 0.196 | AE2: 0.206 | AF2: 0.18 | AG2: 0.204 | AH2: 0.198 | AI2: 0.194 | AJ2: 0.198 | AK2: 0.19 | AL2: 0.178 | AM2: 0.202 | AN2: 0.188 | AO2: 0.186 | AP2: 0.18 | AQ2: 0.2 | AR2: 0.184 | AS2: 0.17 | AT2: 0.196 | AU2: 0.176 | AV2: 0.178 | AW2: 0.176 | AX2: 0.19 | AY2: 0.186 | AZ2: 0.172 | BA2: 0.168 | BB2: 0.188 | BC2: 0.182 | BD2: 0.19 | BE2: 0.176 | BF2: 0.17 | BG2: 0.19 | BH2: 0.487 | BI2: 0.174 | BJ2: 0.184 | BK2: 0.16 | BL2: 0.172 | BM2: 0.186 | BN2: 0.194 | BO2: 0.182 | BP2: 0.146 | BQ2: 0.168 | BR2: 0.156 | BS2: 0.14 | BT2: 0.188 | BU2: 0.192 | BV2: 0.194 | BW2: 0.208 | BX2: 0.188 | BY2: 0.184 | BZ2: 0.186 | CA2: 0.164 | CB2: 0.18 | CC2: 0.186 | CD2: 0.182 | CE2: 0.16 | CF2: 0.162 | CG2: 0.208 | CH2: 0.182 | CI2: 0.18 | CJ2: 0.172 | CK2: 0.17 | CL2: 0.184 | CM2: 0.188 | CN2: 0.18 | CO2: 0.18 | CP2: 0.17 | CQ2: 0.17 | CR2: 0.154 | CS2: 0.16 | CT2: 0.18 | CU2: 0.17 | CV2: 0.144 | CW2: 0.168 | CX2: 0.148 | CY2: 0.158 | CZ2: 0.156 | DA2: 0.144 | DB2: 0.176 | DC2: 0.138 | DD2: 0.152 | DE2: 0.136 | DF2: 0.162 | DG2: 0.168 | DH2: 0.164 | DI2: 0.178 | DJ2: 0.146 | DK2: 0.15 | DL2: 0.172 | DM2: 0.144 | DN2: 0.15 | DO2: 0.152 | DP2: 0.158 | DQ2: 0.162 | DR2: 0.16 | DS2: 0.15 | DT2: 0.182 | DU2: 0.154 | DV2: 0.13 | DW2: 0.122 | DX2: 0.14 | FT2: =AVERAGE(G2:FR2) -> 0.18412295
A3: 2 | B3: o2 | C3: Initial | D3: B | E3: M | F3: 135 | G3: 0.226 | H3: 0.242 | I3: 0.222 | J3: 0.236 | K3: 0.218 | L3: 0.214 | M3: 0.276 | N3: 0.254 | O3: 0.268 | P3: 0.266 | Q3: 0.264 | R3: 0.242 | S3: 0.244 | T3: 0.21 | U3: 0.184 | V3: 0.208 | W3: 0.212 | X3: 0.218 | Y3: 0.21 | Z3: 0.226 | AA3: 0.242 | AB3: 0.196 | AC3: 0.138 | AD3: 0.22 | AE3: 0.208 | AF3: 0.234 | AG3: 0.216 | AH3: 0.208 | AI3: 0.204 | AJ3: 0.196 | AK3: 0.238 | AL3: 0.24 | AM3: 0.228 | AN3: 0.22 | AO3: 0.22 | AP3: 0.208 | AQ3: 0.202 | AR3: 0.21 | AS3: 0.226 | AT3: 0.212 | AU3: 0.18 | AV3: 0.214 | AW3: 0.188 | AX3: 0.216 | AY3: 0.206 | AZ3: 0.184 | BA3: 0.226 | BB3: 0.214 | BC3: 0.216 | BD3: 0.194 | BE3: 0.17 | BF3: 0.162 | BG3: 0.166 | BH3: 0.192 | BI3: 0.188 | BJ3: 0.176 | BK3: 0.192 | BL3: 0.166 | BM3: 0.166 | BN3: 0.178 | BO3: 0.168 | BP3: 0.142 | BQ3: 0.184 | BR3: 0.188 | BS3: 0.184 | BT3: 0.128 | BU3: 0.146 | BV3: 0.166 | BW3: 0.168 | BX3: 0.176 | BY3: 0.156 | BZ3: 0.14 | CA3: 0.174 | CB3: 0.154 | CC3: 0.176 | CD3: 0.166 | CE3: 0.16 | CF3: 0.16 | CG3: 0.17 | CH3: 0.19 | CI3: 0.15 | CJ3: 0.154 | CK3: 0.146 | CL3: 0.15 | CM3: 0.15 | CN3: 0.136 | CO3: 0.114 | CP3: 0.182 | CQ3: 0.196 | CR3: 0.206 | CS3: 0.192 | CT3: 0.22 | CU3: 0.196 | CV3: 0.168 | CW3: 0.178 | CX3: 0.15 | CY3: 0.14 | CZ3: 0.168 | DA3: 0.18 | DB3: 0.164 | DC3: 0.15 | DD3: 0.152 | DE3: 0.17 | DF3: 0.15 | DG3: 0.162 | DH3: 0.18 | DI3: 0.182 | DJ3: 0.178 | DK3: 0.176 | DL3: 0.174 | DM3: 0.172 | DN3: 0.184 | DO3: 0.184 | DP3: 0.17 | DQ3: 0.166 | DR3: 0.168 | DS3: 0.178 | DT3: 0.162 | DU3: 0.166 | DV3: 0.128 | DW3: 0.174 | DX3: 0.176 | DY3: 0.202 | DZ3: 0.162 | EA3: 0.152 | EB3: 0.152 | EC3: 0.178 | ED3: 0.144 | EE3: 0.166 | EF3: 0.13 | EG3: 0.166 | EH3: 0.14 | EI3: 0.134 | EJ3: 0.136 | EK3: 0.122 | FT3: =AVERAGE(G3:FR3) -> 0.18534815
A4: 3 | B4: o3 | C4: Initial | D4: J | E4: F | F4: 105 | G4: 0.294 | H4: 0.326 | I4: 0.27 | J4: 0.242 | K4: 0.33 | L4: 0.3 | M4: 0.28 | N4: 0.288 | O4: 0.288 | P4: 0.298 | Q4: 0.308 | R4: 0.33 | S4: 0.288 | T4: 0.314 | U4: 0.324 | V4: 0.318 | W4: 0.288 | X4: 0.306 | Y4: 0.298 | Z4: 0.31 | AA4: 0.302 | AB4: 0.296 | AC4: 0.276 | AD4: 0.31 | AE4: 0.296 | AF4: 0.292 | AG4: 0.322 | AH4: 0.29 | AI4: 0.306 | AJ4: 0.298 | AK4: 0.302 | AL4: 0.29 | AM4: 0.32 | AN4: 0.29 | AO4: 0.302 | AP4: 0.288 | AQ4: 0.268 | AR4: 0.28 | AS4: 0.26 | AT4: 0.292 | AU4: 0.286 | AV4: 0.302 | AW4: 0.288 | AX4: 0.312 | AY4: 0.302 | AZ4: 0.3 | BA4: 0.294 | BB4: 0.296 | BC4: 0.274 | BD4: 0.294 | BE4: 0.278 | BF4: 0.278 | BG4: 0.284 | BH4: 0.296 | BI4: 0.288 | BJ4: 0.272 | BK4: 0.28 | BL4: 0.274 | BM4: 0.29 | BN4: 0.27 | BO4: 0.276 | BP4: 0.278 | BQ4: 0.28 | BR4: 0.296 | BS4: 0.284 | BT4: 0.294 | BU4: 0.282 | BV4: 0.284 | BW4: 0.288 | BX4: 0.284 | BY4: 0.29 | BZ4: 0.292 | CA4: 0.282 | CB4: 0.296 | CC4: 0.286 | CD4: 0.264 | CE4: 0.254 | CF4: 0.216 | CG4: 0.232 | CH4: 0.306 | CI4: 0.298 | CJ4: 0.268 | CK4: 0.266 | CL4: 0.274 | CM4: 0.26 | CN4: 0.252 | CO4: 0.242 | CP4: 0.244 | CQ4: 0.258 | CR4: 0.208 | CS4: 0.28 | CT4: 0.158 | CU4: 0.138 | CV4: 0.244 | CW4: 0.272 | CX4: 0.25 | CY4: 0.244 | CZ4: 0.258 | DA4: 0.232 | DB4: 0.236 | DC4: 0.228 | DD4: 0.206 | DE4: 0.196 | DF4: 0.22 | DG4: 0.158 | FT4: =AVERAGE(G4:FR4) -> 0.27706667
A5: 4 | B5: o4 | C5: Initial | D5: B | E5: F | F5: 122 | G5: 0.304 | H5: 0.29 | I5: 0.302 | J5: 0.324 | K5: 0.304 | L5: 0.308 | M5: 0.304 | N5: 0.22 | O5: 0.244 | P5: 0.214 | Q5: 0.202 | R5: 0.208 | S5: 0.222 | T5: 0.272 | U5: 0.296 | V5: 0.294 | W5: 0.294 | X5: 0.26 | Y5: 0.252 | Z5: 0.242 | AA5: 0.276 | AB5: 0.27 | AC5: 0.266 | AD5: 0.254 | AE5: 0.276 | AF5: 0.248 | AG5: 0.252 | AH5: 0.222 | AI5: 0.252 | AJ5: 0.236 | AK5: 0.212 | AL5: 0.208 | AM5: 0.264 | AN5: 0.238 | AO5: 0.226 | AP5: 0.232 | AQ5: 0.244 | AR5: 0.242 | AS5: 0.238 | AT5: 0.246 | AU5: 0.246 | AV5: 0.254 | AW5: 0.27 | AX5: 0.232 | AY5: 0.206 | AZ5: 0.226 | BA5: 0.238 | BB5: 0.23 | BC5: 0.218 | BD5: 0.244 | BE5: 0.28 | BF5: 0.248 | BG5: 0.238 | BH5: 0.214 | BI5: 0.188 | BJ5: 0.21 | BK5: 0.208 | BL5: 0.228 | BM5: 0.23 | BN5: 0.242 | BO5: 0.214 | BP5: 0.244 | BQ5: 0.24 | BR5: 0.248 | BS5: 0.228 | BT5: 0.252 | BU5: 0.246 | BV5: 0.242 | BW5: 0.252 | BX5: 0.238 | BY5: 0.276 | BZ5: 0.258 | CA5: 0.232 | CB5: 0.22 | CC5: 0.232 | CD5: 0.222 | CE5: 0.176 | CF5: 0.184 | CG5: 0.168 | CH5: 0.18 | CI5: 0.194 | CJ5: 0.178 | CK5: 0.19 | CL5: 0.194 | CM5: 0.196 | CN5: 0.214 | CO5: 0.2 | CP5: 0.196 | CQ5: 0.19 | CR5: 0.18 | CS5: 0.198 | CT5: 0.2 | CU5: 0.182 | CV5: 0.202 | CW5: 0.18 | CX5: 0.18 | CY5: 0.17 | CZ5: 0.172 | DA5: 0.174 | DB5: 0.184 | DC5: 0.182 | DD5: 0.182 | DE5: 0.17 | DF5: 0.198 | DG5: 0.168 | DH5: 0.198 | DI5: 0.156 | DJ5: 0.218 | DK5: 0.238 | DL5: 0.25 | DM5: 0.224 | DN5: 0.268 | DO5: 0.282 | DP5: 0.258 | DQ5: 0.218 | DR5: 0.232 | DS5: 0.262 | DT5: 0.264 | DU5: 0.262 | DV5: 0.24 | DW5: 0.242 | DX5: 0.252 | FT5: =AVERAGE(G5:FR5) -> 0.23113115
A6: 5 | B6: o5 | C6: Initial | D6: J | E6: M | F6: 104 | G6: 0.304 | H6: 0.3 | I6: 0.302 | J6: 0.33 | K6: 0.334 | L6: 0.334 | M6: 0.322 | N6: 0.33 | O6: 0.336 | P6: 0.332 | Q6: 0.332 | R6: 0.344 | S6: 0.326 | T6: 0.324 | U6: 0.314 | V6: 0.318 | W6: 0.324 | X6: 0.342 | Y6: 0.33 | Z6: 0.33 | AA6: 0.326 | AB6: 0.324 | AC6: 0.292 | AD6: 0.308 | AE6: 0.294 | AF6: 0.32 | AG6: 0.308 | AH6: 0.314 | AI6: 0.302 | AJ6: 0.298 | AK6: 0.308 | AL6: 0.318 | AM6: 0.32 | AN6: 0.314 | AO6: 0.324 | AP6: 0.302 | AQ6: 0.31 | AR6: 0.31 | AS6: 0.28 | AT6: 0.312 | AU6: 0.316 | AV6: 0.34 | AW6: 0.31 | AX6: 0.32 | AY6: 0.288 | AZ6: 0.312 | BA6: 0.304 | BB6: 0.31 | BC6: 0.314 | BD6: 0.302 | BE6: 0.3 | BF6: 0.318 | BG6: 0.292 | BH6: 0.286 | BI6: 0.274 | BJ6: 0.296 | BK6: 0.272 | BL6: 0.282 | BM6: 0.268 | BN6: 0.266 | BO6: 0.25 | BP6: 0.252 | BQ6: 0.276 | BR6: 0.278 | BS6: 0.272 | BT6: 0.212 | BU6: 0.194 | BV6: 0.184 | BW6: 0.23 | BX6: 0.202 | BY6: 0.24 | BZ6: 0.28 | CA6: 0.28 | CB6: 0.294 | CC6: 0.296 | CD6: 0.324 | CE6: 0.302 | CF6: 0.292 | CG6: 0.304 | CH6: 0.292 | CI6: 0.298 | CJ6: 0.278 | CK6: 0.284 | CL6: 0.282 | CM6: 0.268 | CN6: 0.274 | CO6: 0.292 | CP6: 0.284 | CQ6: 0.288 | CR6: 0.246 | CS6: 0.292 | CT6: 0.294 | CU6: 0.282 | CV6: 0.29 | CW6: 0.252 | CX6: 0.248 | CY6: 0.24 | CZ6: 0.258 | DA6: 0.26 | DB6: 0.256 | DC6: 0.27 | DD6: 0.262 | DE6: 0.26 | DF6: 0.266 | FT6: =AVERAGE(G6:FR6) -> 0.29269231
A7: 6 | B7: o6 | C7: Initial | D7: B | E7: M | F7: 144 | G7: 0.158 | H7: 0.14 | I7: 0.164 | J7: 0.14 | K7: 0.19 | L7: 0.18 | M7: 0.226 | N7: 0.228 | O7: 0.22 | P7: 0.208 | Q7: 0.24 | R7: 0.204 | S7: 0.202 | T7: 0.194 | U7: 0.17 | V7: 0.206 | W7: 0.184 | X7: 0.186 | Y7: 0.2 | Z7: 0.192 | AA7: 0.178 | AB7: 0.16 | AC7: 0.216 | AD7: 0.18 | AE7: 0.19 | AF7: 0.182 | AG7: 0.176 | AH7: 0.184 | AI7: 0.212 | AJ7: 0.188 | AK7: 0.17 | AL7: 0.18 | AM7: 0.17 | AN7: 0.174 | AO7: 0.17 | AP7: 0.17 | AQ7: 0.132 | AR7: 0.18 | AS7: 0.146 | AT7: 0.16 | AU7: 0.16 | AV7: 0.176 | AW7: 0.178 | AX7: 0.224 | AY7: 0.246 | AZ7: 0.216 | BA7: 0.214 | BB7: 0.2 | BC7: 0.188 | BD7: 0.158 | BE7: 0.15 | BF7: 0.152 | BG7: 0.172 | BH7: 0.144 | BI7: 0.148 | BJ7: 0.162 | BK7: 0.144 | BL7: 0.128 | BM7: 0.182 | BN7: 0.132 | BO7: 0.176 | BP7: 0.14 | BQ7: 0.16 | BR7: 0.126 | BS7: 0.138 | BT7: 0.128 | BU7: 0.156 | BV7: 0.14 | BW7: 0.124 | BX7: 0.196 | BY7: 0.162 | BZ7: 0.126 | CA7: 0.182 | CB7: 0.178 | CC7: 0.202 | CD7: 0.202 | CE7: 0.24 | CF7: 0.182 | CG7: 0.232 | CH7: 0.16 | CI7: 0.176 | CJ7: 0.166 | CK7: 0.19 | CL7: 0.18 | CM7: 0.212 | CN7: 0.19 | CO7: 0.202 | CP7: 0.194 | CQ7: 0.182 | CR7: 0.188 | CS7: 0.198 | CT7: 0.19 | CU7: 0.236 | CV7: 0.212 | CW7: 0.168 | CX7: 0.146 | CY7: 0.186 | CZ7: 0.14 | DA7: 0.162 | DB7: 0.184 | DC7: 0.174 | DD7: 0.174 | DE7: 0.132 | DF7: 0.158 | DG7: 0.16 | DH7: 0.156 | DI7: 0.154 | DJ7: 0.152 | DK7: 0.184 | DL7: 0.136 | DM7: 0.174 | DN7: 0.156 | DO7: 0.176 | DP7: 0.186 | DQ7: 0.18 | DR7: 0.13 | DS7: 0.152 | DT7: 0.168 | DU7: 0.158 | DV7: 0.138 | DW7: 0.136 | DX7: 0.154 | DY7: 0.132 | DZ7: 0.14 | EA7: 0.124 | EB7: 0.15 | EC7: 0.182 | ED7: 0.156 | EE7: 0.128 | EF7: 0.144 | EG7: 0.146 | EH7: 0.146 | EI7: 0.142 | EJ7: 0.138 | EK7: 0.184 | EL7: 0.246 | EM7: 0.272 | EN7: 0.192 | EO7: 0.17 | EP7: 0.194 | EQ7: 0.15 | ER7: 0.126 | ES7: 0.17 | ET7: 0.144 | FT7: =AVERAGE(G7:FR7) -> 0.17319444
A8: 7 | B8: o7 | C8: Initial | D8: B | E8: M | F8: 125 | G8: 0.156 | H8: 0.222 | I8: 0.208 | J8: 0.2 | K8: 0.164 | L8: 0.186 | M8: 0.23 | N8: 0.198 | O8: 0.24 | P8: 0.244 | Q8: 0.196 | R8: 0.204 | S8: 0.186 | T8: 0.212 | U8: 0.232 | V8: 0.198 | W8: 0.27 | X8: 0.26 | Y8: 0.284 | Z8: 0.262 | AA8: 0.248 | AB8: 0.234 | AC8: 0.236 | AD8: 0.262 | AE8: 0.272 | AF8: 0.264 | AG8: 0.268 | AH8: 0.282 | AI8: 0.298 | AJ8: 0.252 | AK8: 0.292 | AL8: 0.24 | AM8: 0.214 | AN8: 0.24 | AO8: 0.276 | AP8: 0.274 | AQ8: 0.262 | AR8: 0.272 | AS8: 0.258 | AT8: 0.29 | AU8: 0.28 | AV8: 0.292 | AW8: 0.274 | AX8: 0.276 | AY8: 0.316 | AZ8: 0.306 | BA8: 0.334 | BB8: 0.274 | BC8: 0.168 | BD8: 0.25 | BE8: 0.248 | BF8: 0.228 | BG8: 0.232 | BH8: 0.17 | BI8: 0.216 | BJ8: 0.228 | BK8: 0.236 | BL8: 0.214 | BM8: 0.17 | BN8: 0.244 | BO8: 0.266 | BP8: 0.252 | BQ8: 0.254 | BR8: 0.224 | BS8: 0.242 | BT8: 0.22 | BU8: 0.178 | BV8: 0.234 | BW8: 0.214 | BX8: 0.228 | BY8: 0.236 | BZ8: 0.25 | CA8: 0.23 | CB8: 0.256 | CC8: 0.256 | CD8: 0.218 | CE8: 0.228 | CF8: 0.218 | CG8: 0.228 | CH8: 0.246 | CI8: 0.23 | CJ8: 0.184 | CK8: 0.232 | CL8: 0.248 | CM8: 0.208 | CN8: 0.194 | CO8: 0.218 | CP8: 0.226 | CQ8: 0.182 | CR8: 0.122 | CS8: 0.078 | CT8: 0.198 | CU8: 0.216 | CV8: 0.334 | CW8: 0.262 | CX8: 0.2 | CY8: 0.156 | CZ8: 0.032 | DA8: 0.214 | DB8: 0.046 | DC8: 0.234 | DD8: 0.22 | DE8: 0.202 | DF8: 0.204 | DG8: 0.198 | DH8: 0.166 | DI8: 0.186 | DJ8: 0.204 | DK8: 0.224 | DL8: 0.236 | DM8: 0.3 | DN8: 0.286 | DO8: 0.276 | DP8: 0.212 | DQ8: 0.242 | DR8: 0.236 | DS8: 0.204 | DT8: 0.19 | DU8: 0.218 | DV8: 0.21 | DW8: 0.204 | DX8: 0.136 | DY8: 0.212 | DZ8: 0.18 | EA8: 0.146 | FT8: =AVERAGE(G8:FR8) -> 0.226608
A9: 8 | B9: o8 | C9: Initial | D9: B | E9: F | F9: 167 | G9: 0.092 | H9: 0.114 | I9: 0.18 | J9: 0.136 | K9: 0.164 | L9: 0.182 | M9: 0.208 | N9: 0.216 | O9: 0.214 | P9: 0.188 | Q9: 0.19 | R9: 0.198 | S9: 0.172 | T9: 0.166 | U9: 0.168 | V9: 0.168 | W9: 0.186 | X9: 0.17 | Y9: 0.156 | Z9: 0.146 | AA9: 0.17 | AB9: 0.2 | AC9: 0.172 | AD9: 0.166 | AE9: 0.174 | AF9: 0.152 | AG9: 0.188 | AH9: 0.15 | AI9: 0.16 | AJ9: 0.14 | AK9: 0.168 | AL9: 0.134 | AM9: 0.172 | AN9: 0.16 | AO9: 0.106 | AP9: 0.094 | AQ9: 0.17 | AR9: 0.186 | AS9: 0.188 | AT9: 0.168 | AU9: 0.15 | AV9: 0.13 | AW9: 0.16 | AX9: 0.13 | AY9: 0.156 | AZ9: 0.178 | BA9: 0.164 | BB9: 0.148 | BC9: 0.126 | BD9: 0.198 | BE9: 0.148 | BF9: 0.172 | BG9: 0.17 | BH9: 0.214 | BI9: 0.16 | BJ9: 0.16 | BK9: 0.204 | BL9: 0.174 | BM9: 0.142 | BN9: 0.138 | BO9: 0.136 | BP9: 0.128 | BQ9: 0.174 | BR9: 0.15 | BS9: 0.128 | BT9: 0.122 | BU9: 0.072 | BV9: 0.15 | BW9: 0.156 | BX9: 0.196 | BY9: 0.168 | BZ9: 0.142 | CA9: 0.158 | CB9: 0.19 | CC9: 0.152 | CD9: 0.14 | CE9: 0.162 | CF9: 0.176 | CG9: 0.15 | CH9: 0.158 | CI9: 0.178 | CJ9: 0.144 | CK9: 0.132 | CL9: 0.16 | CM9: 0.136 | CN9: 0.142 | CO9: 0.14 | CP9: 0.118 | CQ9: 0.134 | CR9: 0.132 | CS9: 0.092 | CT9: 0.114 | CU9: 0.148 | CV9: 0.142 | CW9: 0.148 | CX9: 0.12 | CY9: 0.132 | CZ9: 0.13 | DA9: 0.124 | DB9: 0.138 | DC9: 0.146 | DD9: 0.098 | DE9: 0.08 | DF9: 0.112 | DG9: 0.094 | DH9: 0.126 | DI9: 0.092 | DJ9: 0.136 | DK9: 0.098 | DL9: 0.1 | DM9: 0.132 | DN9: 0.154 | DO9: 0.156 | DP9: 0.18 | DQ9: 0.176 | DR9: 0.218 | DS9: 0.198 | DT9: 0.172 | DU9: 0.144 | DV9: 0.14 | DW9: 0.154 | DX9: 0.162 | DY9: 0.15 | DZ9: 0.164 | EA9: 0.128 | EB9: 0.114 | EC9: 0.166 | ED9: 0.14 | EE9: 0.136 | EF9: 0.156 | EG9: 0.134 | EH9: 0.156 | EI9: 0.15 | EJ9: 0.154 | EK9: 0.174 | EL9: 0.154 | EM9: 0.15 | EN9: 0.158 | EO9: 0.13 | EP9: 0.142 | EQ9: 0.166 | ER9: 0.132 | ES9: 0.124 | ET9: 0.164 | EU9: 0.114 | EV9: 0.152 | EW9: 0.12 | EX9: 0.134 | EY9: 0.136 | EZ9: 0.122 | FA9: 0.11 | FB9: 0.16 | FC9: 0.116 | FD9: 0.154 | FE9: 0.146 | FF9: 0.138 | FG9: 0.134 | FH9: 0.13 | FI9: 0.128 | FJ9: 0.126 | FK9: 0.108 | FL9: 0.122 | FM9: 0.144 | FN9: 0.09 | FO9: 0.132 | FP9: 0.118 | FQ9: 0.112 | FT9: =AVERAGE(G9:FR9) -> 0.14863473
A10: 9 | B10: o9 | C10: Initial | D10: B | E10: M | F10: 147 | G10: 0.194 | H10: 0.252 | I10: 0.186 | J10: 0.188 | K10: 0.176 | L10: 0.162 | M10: 0.178 | N10: 0.162 | O10: 0.132 | P10: 0.13 | Q10: 0.118 | R10: 0.142 | S10: 0.146 | T10: 0.126 | U10: 0.126 | V10: 0.144 | W10: 0.128 | X10: 0.14 | Y10: 0.156 | Z10: 0.146 | AA10: 0.142 | AB10: 0.13 | AC10: 0.126 | AD10: 0.094 | AE10: 0.136 | AF10: 0.172 | AG10: 0.116 | AH10: 0.116 | AI10: 0.114 | AJ10: 0.122 | AK10: 0.118 | AL10: 0.114 | AM10: 0.104 | AN10: 0.126 | AO10: 0.142 | AP10: 0.172 | AQ10: 0.22 | AR10: 0.172 | AS10: 0.152 | AT10: 0.114 | AU10: 0.118 | AV10: 0.118 | AW10: 0.11 | AX10: 0.08 | AY10: 0.102 | AZ10: 0.108 | BA10: 0.072 | BB10: 0.114 | BC10: 0.108 | BD10: 0.096 | BE10: 0.074 | BF10: 0.106 | BG10: 0.12 | BH10: 0.106 | BI10: 0.072 | BJ10: 0.06 | BK10: 0.1 | BL10: 0.112 | BM10: 0.11 | BN10: 0.114 | BO10: 0.106 | BP10: 0.11 | BQ10: 0.11 | BR10: 0.134 | BS10: 0.052 | BT10: 0.094 | BU10: 0.12 | BV10: 0.15 | BW10: 0.13 | BX10: 0.11 | BY10: 0.144 | BZ10: 0.148 | CA10: 0.126 | CB10: 0.13 | CC10: 0.102 | CD10: 0.102 | CE10: 0.1 | CF10: 0.106 | CG10: 0.102 | CH10: 0.112 | CI10: 0.122 | CJ10: 0.11 | CK10: 0.11 | CL10: 0.118 | CM10: 0.104 | CN10: 0.1 | CO10: 0.106 | CP10: 0.1 | CQ10: 0.118 | CR10: 0.122 | CS10: 0.114 | CT10: 0.098 | CU10: 0.096 | CV10: 0.108 | CW10: 0.044 | CX10: 0.086 | CY10: 0.104 | CZ10: 0.126 | DA10: 0.102 | DB10: 0.05 | DC10: 0.116 | DD10: 0.112 | DE10: 0.092 | DF10: 0.094 | DG10: 0.098 | DH10: 0.126 | DI10: 0.148 | DJ10: 0.118 | DK10: 0.112 | DL10: 0.09 | DM10: 0.126 | DN10: 0.11 | DO10: 0.09 | DP10: 0.092 | DQ10: 0.076 | DR10: 0.116 | DS10: 0.106 | DT10: 0.088 | DU10: 0.118 | DV10: 0.102 | DW10: 0.12 | DX10: 0.1 | DY10: 0.122 | DZ10: 0.1 | EA10: 0.096 | EB10: 0.04 | EC10: 0.058 | ED10: 0.076 | EE10: 0.07 | EF10: 0.11 | EG10: 0.116 | EH10: 0.124 | EI10: 0.126 | EJ10: 0.11 | EK10: 0.118 | EL10: 0.122 | EM10: 0.126 | EN10: 0.114 | EO10: 0.104 | EP10: 0.102 | EQ10: 0.07 | ER10: 0.108 | ES10: 0.082 | ET10: 0.104 | EU10: 0.076 | EV10: 0.106 | EW10: 0.144 | FT10: =AVERAGE(G10:FR10) -> 0.11587755
A11: 10 | B11: o10 | C11: Initial | D11: J | E11: F | F11: 114 | G11: 0.296 | H11: 0.306 | I11: 0.264 | J11: 0.22 | K11: 0.212 | L11: 0.222 | M11: 0.26 | N11: 0.256 | O11: 0.246 | P11: 0.25 | Q11: 0.254 | R11: 0.254 | S11: 0.268 | T11: 0.296 | U11: 0.284 | V11: 0.316 | W11: 0.284 | X11: 0.258 | Y11: 0.216 | Z11: 0.204 | AA11: 0.208 | AB11: 0.222 | AC11: 0.218 | AD11: 0.234 | AE11: 0.226 | AF11: 0.212 | AG11: 0.194 | AH11: 0.174 | AI11: 0.164 | AJ11: 0.234 | AK11: 0.214 | AL11: 0.248 | AM11: 0.218 | AN11: 0.208 | AO11: 0.212 | AP11: 0.2 | AQ11: 0.198 | AR11: 0.24 | AS11: 0.218 | AT11: 0.198 | AU11: 0.206 | AV11: 0.194 | AW11: 0.232 | AX11: 0.268 | AY11: 0.24 | AZ11: 0.208 | BA11: 0.226 | BB11: 0.218 | BC11: 0.248 | BD11: 0.232 | BE11: 0.236 | BF11: 0.234 | BG11: 0.228 | BH11: 0.224 | BI11: 0.212 | BJ11: 0.184 | BK11: 0.17 | BL11: 0.226 | BM11: 0.242 | BN11: 0.256 | BO11: 0.23 | BP11: 0.224 | BQ11: 0.242 | BR11: 0.236 | BS11: 0.206 | BT11: 0.176 | BU11: 0.192 | BV11: 0.218 | BW11: 0.214 | BX11: 0.2 | BY11: 0.186 | BZ11: 0.198 | CA11: 0.184 | CB11: 0.192 | CC11: 0.208 | CD11: 0.206 | CE11: 0.164 | CF11: 0.18 | CG11: 0.194 | CH11: 0.166 | CI11: 0.188 | CJ11: 0.206 | CK11: 0.2 | CL11: 0.222 | CM11: 0.206 | CN11: 0.228 | CO11: 0.208 | CP11: 0.2 | CQ11: 0.226 | CR11: 0.222 | CS11: 0.23 | CT11: 0.232 | CU11: 0.222 | CV11: 0.176 | CW11: 0.196 | CX11: 0.21 | CY11: 0.19 | CZ11: 0.198 | DA11: 0.19 | DB11: 0.218 | DC11: 0.214 | DD11: 0.222 | DE11: 0.22 | DF11: 0.23 | DG11: 0.23 | DH11: 0.198 | DI11: 0.236 | DJ11: 0.218 | DK11: 0.258 | DL11: 0.246 | DM11: 0.226 | DN11: 0.246 | DO11: 0.232 | DP11: 0.242 | FT11: =AVERAGE(G11:FR11) -> 0.22185965
A12: 11 | B12: o11 | C12: Initial | D12: B | E12: F | F12: 125 | G12: 0.212 | H12: 0.194 | I12: 0.212 | J12: 0.2 | K12: 0.182 | L12: 0.21 | M12: 0.19 | N12: 0.202 | O12: 0.206 | P12: 0.204 | Q12: 0.194 | R12: 0.204 | S12: 0.208 | T12: 0.206 | U12: 0.192 | V12: 0.21 | W12: 0.2 | X12: 0.212 | Y12: 0.204 | Z12: 0.206 | AA12: 0.2 | AB12: 0.18 | AC12: 0.202 | AD12: 0.192 | AE12: 0.196 | AF12: 0.218 | AG12: 0.172 | AH12: 0.208 | AI12: 0.206 | AJ12: 0.202 | AK12: 0.202 | AL12: 0.166 | AM12: 0.182 | AN12: 0.162 | AO12: 0.192 | AP12: 0.186 | AQ12: 0.178 | AR12: 0.182 | AS12: 0.204 | AT12: 0.17 | AU12: 0.196 | AV12: 0.188 | AW12: 0.182 | AX12: 0.212 | AY12: 0.174 | AZ12: 0.198 | BA12: 0.148 | BB12: 0.168 | BC12: 0.186 | BD12: 0.186 | BE12: 0.202 | BF12: 0.2 | BG12: 0.202 | BH12: 0.192 | BI12: 0.2 | BJ12: 0.152 | BK12: 0.16 | BL12: 0.184 | BM12: 0.186 | BN12: 0.158 | BO12: 0.188 | BP12: 0.182 | BQ12: 0.194 | BR12: 0.178 | BS12: 0.19 | BT12: 0.182 | BU12: 0.188 | BV12: 0.15 | BW12: 0.15 | BX12: 0.192 | BY12: 0.192 | BZ12: 0.168 | CA12: 0.158 | CB12: 0.178 | CC12: 0.174 | CD12: 0.198 | CE12: 0.17 | CF12: 0.206 | CG12: 0.184 | CH12: 0.21 | CI12: 0.148 | CJ12: 0.158 | CK12: 0.184 | CL12: 0.188 | CM12: 0.172 | CN12: 0.186 | CO12: 0.17 | CP12: 0.176 | CQ12: 0.184 | CR12: 0.174 | CS12: 0.168 | CT12: 0.172 | CU12: 0.186 | CV12: 0.158 | CW12: 0.18 | CX12: 0.172 | CY12: 0.176 | CZ12: 0.142 | DA12: 0.162 | DB12: 0.174 | DC12: 0.148 | DD12: 0.17 | DE12: 0.164 | DF12: 0.158 | DG12: 0.176 | DH12: 0.156 | DI12: 0.164 | DJ12: 0.178 | DK12: 0.18 | DL12: 0.182 | DM12: 0.18 | DN12: 0.184 | DO12: 0.194 | DP12: 0.166 | DQ12: 0.17 | DR12: 0.156 | DS12: 0.174 | DT12: 0.154 | DU12: 0.154 | DV12: 0.156 | DW12: 0.164 | DX12: 0.138 | DY12: 0.166 | DZ12: 0.15 | EA12: 0.174 | FT12: =AVERAGE(G12:FR12) -> 0.18192
A13: 12 | B13: o12 | C13: Initial | D13: B | E13: F | F13: 132 | G13: 0.116 | H13: 0.14 | I13: 0.11 | J13: 0.14 | K13: 0.124 | L13: 0.116 | M13: 0.134 | N13: 0.138 | O13: 0.126 | P13: 0.13 | Q13: 0.134 | R13: 0.128 | S13: 0.118 | T13: 0.118 | U13: 0.122 | V13: 0.118 | W13: 0.114 | X13: 0.12 | Y13: 0.13 | Z13: 0.118 | AA13: 0.098 | AB13: 0.118 | AC13: 0.12 | AD13: 0.104 | AE13: 0.116 | AF13: 0.13 | AG13: 0.144 | AH13: 0.124 | AI13: 0.124 | AJ13: 0.146 | AK13: 0.13 | AL13: 0.124 | AM13: 0.132 | AN13: 0.124 | AO13: 0.126 | AP13: 0.128 | AQ13: 0.132 | AR13: 0.12 | AS13: 0.134 | AT13: 0.126 | AU13: 0.158 | AV13: 0.144 | AW13: 0.134 | AX13: 0.168 | AY13: 0.144 | AZ13: 0.13 | BA13: 0.162 | BB13: 0.144 | BC13: 0.142 | BD13: 0.13 | BE13: 0.114 | BF13: 0.146 | BG13: 0.14 | BH13: 0.134 | BI13: 0.138 | BJ13: 0.128 | BK13: 0.15 | BL13: 0.132 | BM13: 0.156 | BN13: 0.142 | BO13: 0.14 | BP13: 0.15 | BQ13: 0.136 | BR13: 0.146 | BS13: 0.122 | BT13: 0.134 | BU13: 0.156 | BV13: 0.14 | BW13: 0.138 | BX13: 0.142 | BY13: 0.14 | BZ13: 0.128 | CA13: 0.126 | CB13: 0.138 | CC13: 0.124 | CD13: 0.142 | CE13: 0.128 | CF13: 0.144 | CG13: 0.134 | CH13: 0.144 | CI13: 0.128 | CJ13: 0.128 | CK13: 0.118 | CL13: 0.12 | CM13: 0.114 | CN13: 0.146 | CO13: 0.134 | CP13: 0.12 | CQ13: 0.126 | CR13: 0.122 | CS13: 0.114 | CT13: 0.11 | CU13: 0.114 | CV13: 0.122 | CW13: 0.12 | CX13: 0.124 | CY13: 0.12 | CZ13: 0.118 | DA13: 0.12 | DB13: 0.126 | DC13: 0.124 | DD13: 0.114 | DE13: 0.126 | DF13: 0.1 | DG13: 0.124 | DH13: 0.116 | DI13: 0.148 | DJ13: 0.13 | DK13: 0.112 | DL13: 0.108 | DM13: 0.106 | DN13: 0.11 | DO13: 0.108 | DP13: 0.112 | DQ13: 0.116 | DR13: 0.11 | DS13: 0.108 | DT13: 0.12 | DU13: 0.124 | DV13: 0.112 | DW13: 0.1 | DX13: 0.12 | DY13: 0.086 | DZ13: 0.104 | EA13: 0.114 | EB13: 0.098 | EC13: 0.108 | ED13: 0.116 | EE13: 0.106 | EF13: 0.098 | EG13: 0.1 | EH13: 0.114 | FT13: =AVERAGE(G13:FR13) -> 0.12589394
A14: 13 | B14: o13 | C14: Initial | D14: B | E14: M | F14: 141 | G14: 0.076 | H14: 0.084 | I14: 0.094 | J14: 0.056 | K14: 0.088 | L14: 0.052 | M14: 0.076 | N14: 0.076 | O14: 0.084 | P14: 0.1 | Q14: 0.066 | R14: 0.07 | S14: 0.062 | T14: 0.072 | U14: 0.08 | V14: 0.06 | W14: 0.084 | X14: 0.016 | Y14: 0.052 | Z14: 0.04 | AA14: 0.062 | AB14: 0.11 | AC14: 0.084 | AD14: 0.08 | AE14: 0.052 | AF14: 0.048 | AG14: 0.08 | AH14: 0.06 | AI14: 0.098 | AJ14: 0.048 | AK14: 0.072 | AL14: 0.09 | AM14: 0.08 | AN14: 0.108 | AO14: 0.06 | AP14: 0.094 | AQ14: 0.092 | AR14: 0.086 | AS14: 0.096 | AT14: 0.112 | AU14: 0.09 | AV14: 0.062 | AW14: 0.076 | AX14: 0.082 | AY14: 0.112 | AZ14: 0.054 | BA14: 0.104 | BB14: 0.216 | BC14: 0.156 | BD14: 0.21 | BE14: 0.206 | BF14: 0.244 | BG14: 0.242 | BH14: 0.23 | BI14: 0.214 | BJ14: 0.254 | BK14: 0.228 | BL14: 0.24 | BM14: 0.25 | BN14: 0.244 | BO14: 0.24 | BP14: 0.236 | BQ14: 0.23 | BR14: 0.222 | BS14: 0.2 | BT14: 0.2 | BU14: 0.212 | BV14: 0.216 | BW14: 0.212 | BX14: 0.212 | BY14: 0.218 | BZ14: 0.214 | CA14: 0.184 | CB14: 0.17 | CC14: 0.19 | CD14: 0.206 | CE14: 0.18 | CF14: 0.188 | CG14: 0.166 | CH14: 0.16 | CI14: 0.154 | CJ14: 0.166 | CK14: 0.164 | CL14: 0.132 | CM14: 0.132 | CN14: 0.136 | CO14: 0.13 | CP14: 0.124 | CQ14: 0.122 | CR14: 0.128 | CS14: 0.11 | CT14: 0.118 | CU14: 0.134 | CV14: 0.15 | CW14: 0.206 | CX14: 0.238 | CY14: 0.208 | CZ14: 0.204 | DA14: 0.2 | DB14: 0.162 | DC14: 0.164 | DD14: 0.156 | DE14: 0.134 | DF14: 0.112 | DG14: 0.11 | DH14: 0.122 | DI14: 0.14 | DJ14: 0.126 | DK14: 0.096 | DL14: 0.128 | DM14: 0.148 | DN14: 0.108 | DO14: 0.112 | DP14: 0.12 | DQ14: 0.122 | DR14: 0.11 | DS14: 0.084 | DT14: 0.114 | DU14: 0.098 | DV14: 0.108 | DW14: 0.086 | DX14: 0.104 | DY14: 0.128 | DZ14: 0.094 | EA14: 0.132 | EB14: 0.096 | EC14: 0.114 | ED14: 0.078 | EE14: 0.074 | EF14: 0.088 | EG14: 0.1 | EH14: 0.072 | EI14: 0.076 | EJ14: 0.078 | EK14: 0.086 | EL14: 0.092 | EM14: 0.07 | EN14: 0.108 | EO14: 0.162 | EP14: 0.154 | EQ14: 0.11 | FT14: =AVERAGE(G14:FR14) -> 0.1290922
A15: 14 | B15: o14 | C15: Initial | D15: B | E15: F | F15: 119 | G15: 0.2 | H15: 0.254 | I15: 0.306 | J15: 0.288 | K15: 0.278 | L15: 0.284 | M15: 0.294 | N15: 0.324 | O15: 0.302 | P15: 0.314 | Q15: 0.296 | R15: 0.322 | S15: 0.322 | T15: 0.29 | U15: 0.314 | V15: 0.296 | W15: 0.294 | X15: 0.298 | Y15: 0.294 | Z15: 0.272 | AA15: 0.312 | AB15: 0.3 | AC15: 0.3 | AD15: 0.316 | AE15: 0.296 | AF15: 0.282 | AG15: 0.3 | AH15: 0.31 | AI15: 0.312 | AJ15: 0.322 | AK15: 0.3 | AL15: 0.318 | AM15: 0.278 | AN15: 0.288 | AO15: 0.264 | AP15: 0.28 | AQ15: 0.304 | AR15: 0.28 | AS15: 0.266 | AT15: 0.208 | AU15: 0.242 | AV15: 0.24 | AW15: 0.258 | AX15: 0.248 | AY15: 0.244 | AZ15: 0.234 | BA15: 0.238 | BB15: 0.242 | BC15: 0.23 | BD15: 0.268 | BE15: 0.25 | BF15: 0.26 | BG15: 0.232 | BH15: 0.252 | BI15: 0.254 | BJ15: 0.26 | BK15: 0.242 | BL15: 0.224 | BM15: 0.176 | BN15: 0.226 | BO15: 0.268 | BP15: 0.246 | BQ15: 0.244 | BR15: 0.218 | BS15: 0.24 | BT15: 0.24 | BU15: 0.236 | BV15: 0.254 | BW15: 0.28 | BX15: 0.282 | BY15: 0.256 | BZ15: 0.244 | CA15: 0.236 | CB15: 0.22 | CC15: 0.224 | CD15: 0.246 | CE15: 0.242 | CF15: 0.252 | CG15: 0.254 | CH15: 0.254 | CI15: 0.258 | CJ15: 0.246 | CK15: 0.278 | CL15: 0.268 | CM15: 0.272 | CN15: 0.278 | CO15: 0.244 | CP15: 0.258 | CQ15: 0.244 | CR15: 0.254 | CS15: 0.24 | CT15: 0.232 | CU15: 0.24 | CV15: 0.25 | CW15: 0.238 | CX15: 0.25 | CY15: 0.24 | CZ15: 0.244 | DA15: 0.256 | DB15: 0.22 | DC15: 0.24 | DD15: 0.212 | DE15: 0.214 | DF15: 0.254 | DG15: 0.23 | DH15: 0.214 | DI15: 0.23 | DJ15: 0.238 | DK15: 0.236 | DL15: 0.236 | DM15: 0.228 | DN15: 0.196 | DO15: 0.204 | DP15: 0.214 | DQ15: 0.236 | DR15: 0.2 | DS15: 0.19 | DT15: 0.21 | DU15: 0.198 | FT15: =AVERAGE(G15:FR15) -> 0.25734454
A16: 15 | B16: o15 | C16: Initial | D16: B | E16: M | F16: 108 | G16: 0.234 | H16: 0.218 | I16: 0.234 | J16: 0.302 | K16: 0.27 | L16: 0.282 | M16: 0.272 | N16: 0.264 | O16: 0.252 | P16: 0.272 | Q16: 0.256 | R16: 0.258 | S16: 0.222 | T16: 0.256 | U16: 0.252 | V16: 0.228 | W16: 0.224 | X16: 0.188 | Y16: 0.21 | Z16: 0.236 | AA16: 0.242 | AB16: 0.23 | AC16: 0.216 | AD16: 0.206 | AE16: 0.21 | AF16: 0.222 | AG16: 0.228 | AH16: 0.22 | AI16: 0.218 | AJ16: 0.2 | AK16: 0.172 | AL16: 0.158 | AM16: 0.18 | AN16: 0.168 | AO16: 0.186 | AP16: 0.202 | AQ16: 0.178 | AR16: 0.188 | AS16: 0.208 | AT16: 0.196 | AU16: 0.182 | AV16: 0.162 | AW16: 0.146 | AX16: 0.148 | AY16: 0.204 | AZ16: 0.184 | BA16: 0.188 | BB16: 0.184 | BC16: 0.148 | BD16: 0.138 | BE16: 0.132 | BF16: 0.142 | BG16: 0.158 | BH16: 0.146 | BI16: 0.146 | BJ16: 0.142 | BK16: 0.138 | BL16: 0.14 | BM16: 0.156 | BN16: 0.124 | BO16: 0.158 | BP16: 0.108 | BQ16: 0.072 | BR16: 0.132 | BS16: 0.14 | BT16: 0.144 | BU16: 0.148 | BV16: 0.114 | BW16: 0.11 | BX16: 0.144 | BY16: 0.1 | BZ16: 0.124 | CA16: 0.088 | CB16: 0.15 | CC16: 0.16 | CD16: 0.16 | CE16: 0.11 | CF16: 0.118 | CG16: 0.104 | CH16: 0.052 | CI16: 0.102 | CJ16: 0.116 | CK16: 0.138 | CL16: 0.136 | CM16: 0.126 | CN16: 0.2 | CO16: 0.026 | CP16: 0.146 | CQ16: 0.158 | CR16: 0.184 | CS16: 0.17 | CT16: 0.034 | CU16: 0.146 | CV16: 0.148 | CW16: 0.154 | CX16: 0.178 | CY16: 0.106 | CZ16: 0.088 | DA16: 0.052 | DB16: 0.108 | DC16: 0.022 | DD16: 0.11 | DE16: 0.092 | DF16: 0.09 | DG16: 0.09 | DH16: 0.098 | DI16: 0.068 | DJ16: 0.12 | FT16: =AVERAGE(G16:FR16) -> 0.16396296
A17: 16 | B17: o16 | C17: Initial | D17: J | E17: F | F17: 115 | G17: 0.27 | H17: 0.27 | I17: 0.256 | J17: 0.252 | K17: 0.26 | L17: 0.262 | M17: 0.266 | N17: 0.24 | O17: 0.268 | P17: 0.26 | Q17: 0.248 | R17: 0.238 | S17: 0.252 | T17: 0.25 | U17: 0.244 | V17: 0.258 | W17: 0.252 | X17: 0.25 | Y17: 0.272 | Z17: 0.264 | AA17: 0.26 | AB17: 0.232 | AC17: 0.236 | AD17: 0.238 | AE17: 0.252 | AF17: 0.23 | AG17: 0.192 | AH17: 0.2 | AI17: 0.202 | AJ17: 0.218 | AK17: 0.244 | AL17: 0.226 | AM17: 0.22 | AN17: 0.26 | AO17: 0.224 | AP17: 0.2 | AQ17: 0.182 | AR17: 0.194 | AS17: 0.188 | AT17: 0.164 | AU17: 0.188 | AV17: 0.194 | AW17: 0.214 | AX17: 0.198 | AY17: 0.208 | AZ17: 0.22 | BA17: 0.178 | BB17: 0.168 | BC17: 0.202 | BD17: 0.204 | BE17: 0.19 | BF17: 0.218 | BG17: 0.19 | BH17: 0.216 | BI17: 0.192 | BJ17: 0.234 | BK17: 0.26 | BL17: 0.23 | BM17: 0.184 | BN17: 0.22 | BO17: 0.224 | BP17: 0.206 | BQ17: 0.222 | BR17: 0.23 | BS17: 0.202 | BT17: 0.218 | BU17: 0.216 | BV17: 0.216 | BW17: 0.226 | BX17: 0.252 | BY17: 0.274 | BZ17: 0.286 | CA17: 0.238 | CB17: 0.214 | CC17: 0.222 | CD17: 0.198 | CE17: 0.19 | CF17: 0.174 | CG17: 0.192 | CH17: 0.174 | CI17: 0.204 | CJ17: 0.206 | CK17: 0.204 | CL17: 0.2 | CM17: 0.192 | CN17: 0.158 | CO17: 0.132 | CP17: 0.122 | CQ17: 0.178 | CR17: 0.158 | CS17: 0.142 | CT17: 0.186 | CU17: 0.126 | CV17: 0.15 | CW17: 0.192 | CX17: 0.182 | CY17: 0.166 | CZ17: 0.172 | DA17: 0.172 | DB17: 0.154 | DC17: 0.134 | DD17: 0.156 | DE17: 0.146 | DF17: 0.16 | DG17: 0.22 | DH17: 0.192 | DI17: 0.166 | DJ17: 0.172 | DK17: 0.154 | DL17: 0.132 | DM17: 0.106 | DN17: 0.172 | DO17: 0.194 | DP17: 0.182 | DQ17: 0.15 | FT17: =AVERAGE(G17:FR17) -> 0.20702609
A18: 17 | B18: o17 | C18: Initial | D18: J | E18: F | F18: 134 | G18: 0.118 | H18: 0.152 | I18: 0.182 | J18: 0.19 | K18: 0.204 | L18: 0.178 | M18: 0.168 | N18: 0.178 | O18: 0.166 | P18: 0.182 | Q18: 0.194 | R18: 0.18 | S18: 0.19 | T18: 0.18 | U18: 0.198 | V18: 0.212 | W18: 0.216 | X18: 0.212 | Y18: 0.2 | Z18: 0.204 | AA18: 0.188 | AB18: 0.202 | AC18: 0.192 | AD18: 0.216 | AE18: 0.212 | AF18: 0.18 | AG18: 0.17 | AH18: 0.188 | AI18: 0.166 | AJ18: 0.162 | AK18: 0.182 | AL18: 0.182 | AM18: 0.188 | AN18: 0.22 | AO18: 0.214 | AP18: 0.224 | AQ18: 0.224 | AR18: 0.218 | AS18: 0.2 | AT18: 0.21 | AU18: 0.204 | AV18: 0.2 | AW18: 0.192 | AX18: 0.196 | AY18: 0.2 | AZ18: 0.202 | BA18: 0.222 | BB18: 0.204 | BC18: 0.184 | BD18: 0.176 | BE18: 0.182 | BF18: 0.194 | BG18: 0.194 | BH18: 0.186 | BI18: 0.182 | BJ18: 0.172 | BK18: 0.164 | BL18: 0.182 | BM18: 0.164 | BN18: 0.166 | BO18: 0.18 | BP18: 0.178 | BQ18: 0.182 | BR18: 0.178 | BS18: 0.204 | BT18: 0.176 | BU18: 0.174 | BV18: 0.172 | BW18: 0.172 | BX18: 0.156 | BY18: 0.174 | BZ18: 0.154 | CA18: 0.152 | CB18: 0.162 | CC18: 0.158 | CD18: 0.174 | CE18: 0.188 | CF18: 0.186 | CG18: 0.196 | CH18: 0.2 | CI18: 0.194 | CJ18: 0.18 | CK18: 0.176 | CL18: 0.19 | CM18: 0.144 | CN18: 0.146 | CO18: 0.186 | CP18: 0.162 | CQ18: 0.16 | CR18: 0.16 | CS18: 0.182 | CT18: 0.172 | CU18: 0.142 | CV18: 0.17 | CW18: 0.174 | CX18: 0.17 | CY18: 0.182 | CZ18: 0.196 | DA18: 0.174 | DB18: 0.032 | DC18: 0.11 | DD18: 0.092 | DE18: 0.09 | DF18: 0.126 | DG18: 0.156 | DH18: 0.17 | DI18: 0.174 | DJ18: 0.152 | DK18: 0.166 | DL18: 0.158 | DM18: 0.15 | DN18: 0.152 | DO18: 0.148 | DP18: 0.134 | DQ18: 0.164 | DR18: 0.182 | DS18: 0.166 | DT18: 0.158 | DU18: 0.152 | DV18: 0.168 | DW18: 0.15 | DX18: 0.17 | DY18: 0.194 | DZ18: 0.18 | EA18: 0.184 | EB18: 0.16 | EC18: 0.168 | ED18: 0.162 | EE18: 0.158 | EF18: 0.15 | EG18: 0.142 | EH18: 0.144 | EI18: 0.17 | EJ18: 0.138 | FT18: =AVERAGE(G18:FR18) -> 0.17502985
A19: 18 | B19: o18 | C19: Initial | D19: B | E19: M | F19: 124 | G19: 0.148 | H19: 0.188 | I19: 0.196 | J19: 0.222 | K19: 0.212 | L19: 0.2 | M19: 0.228 | N19: 0.222 | O19: 0.226 | P19: 0.224 | Q19: 0.242 | R19: 0.224 | S19: 0.234 | T19: 0.226 | U19: 0.224 | V19: 0.238 | W19: 0.196 | X19: 0.228 | Y19: 0.216 | Z19: 0.214 | AA19: 0.218 | AB19: 0.222 | AC19: 0.218 | AD19: 0.216 | AE19: 0.206 | AF19: 0.202 | AG19: 0.192 | AH19: 0.186 | AI19: 0.2 | AJ19: 0.184 | AK19: 0.206 | AL19: 0.158 | AM19: 0.218 | AN19: 0.23 | AO19: 0.196 | AP19: 0.18 | AQ19: 0.18 | AR19: 0.184 | AS19: 0.196 | AT19: 0.16 | AU19: 0.186 | AV19: 0.218 | AW19: 0.2 | AX19: 0.204 | AY19: 0.208 | AZ19: 0.222 | BA19: 0.192 | BB19: 0.186 | BC19: 0.208 | BD19: 0.188 | BE19: 0.188 | BF19: 0.174 | BG19: 0.186 | BH19: 0.194 | BI19: 0.196 | BJ19: 0.204 | BK19: 0.192 | BL19: 0.18 | BM19: 0.18 | BN19: 0.19 | BO19: 0.174 | BP19: 0.186 | BQ19: 0.188 | BR19: 0.194 | BS19: 0.158 | BT19: 0.15 | BU19: 0.208 | BV19: 0.198 | BW19: 0.186 | BX19: 0.168 | BY19: 0.196 | BZ19: 0.196 | CA19: 0.16 | CB19: 0.146 | CC19: 0.194 | CD19: 0.174 | CE19: 0.2 | CF19: 0.2 | CG19: 0.172 | CH19: 0.182 | CI19: 0.196 | CJ19: 0.19 | CK19: 0.188 | CL19: 0.17 | CM19: 0.182 | CN19: 0.188 | CO19: 0.182 | CP19: 0.204 | CQ19: 0.232 | CR19: 0.186 | CS19: 0.17 | CT19: 0.184 | CU19: 0.172 | CV19: 0.182 | CW19: 0.14 | CX19: 0.202 | CY19: 0.18 | CZ19: 0.198 | DA19: 0.186 | DB19: 0.186 | DC19: 0.182 | DD19: 0.18 | DE19: 0.188 | DF19: 0.174 | DG19: 0.194 | DH19: 0.134 | DI19: 0.166 | DJ19: 0.18 | DK19: 0.172 | DL19: 0.214 | DM19: 0.192 | DN19: 0.168 | DO19: 0.188 | DP19: 0.18 | DQ19: 0.176 | DR19: 0.15 | DS19: 0.146 | DT19: 0.158 | DU19: 0.19 | DV19: 0.17 | DW19: 0.18 | DX19: 0.16 | DY19: 0.182 | DZ19: 0.162 | FT19: =AVERAGE(G19:FR19) -> 0.19104839
A20: 19 | B20: o19 | C20: Initial | D20: B | E20: M | F20: 135 | G20: 0.098 | H20: 0.18 | I20: 0.21 | J20: 0.192 | K20: 0.19 | L20: 0.2 | M20: 0.202 | N20: 0.222 | O20: 0.242 | P20: 0.24 | Q20: 0.264 | R20: 0.268 | S20: 0.228 | T20: 0.228 | U20: 0.222 | V20: 0.238 | W20: 0.24 | X20: 0.228 | Y20: 0.23 | Z20: 0.222 | AA20: 0.24 | AB20: 0.2 | AC20: 0.238 | AD20: 0.204 | AE20: 0.236 | AF20: 0.248 | AG20: 0.242 | AH20: 0.24 | AI20: 0.226 | AJ20: 0.232 | AK20: 0.208 | AL20: 0.182 | AM20: 0.188 | AN20: 0.186 | AO20: 0.19 | AP20: 0.186 | AQ20: 0.19 | AR20: 0.206 | AS20: 0.188 | AT20: 0.18 | AU20: 0.2 | AV20: 0.206 | AW20: 0.206 | AX20: 0.176 | AY20: 0.184 | AZ20: 0.162 | BA20: 0.184 | BB20: 0.168 | BC20: 0.176 | BD20: 0.186 | BE20: 0.19 | BF20: 0.17 | BG20: 0.194 | BH20: 0.184 | BI20: 0.18 | BJ20: 0.184 | BK20: 0.204 | BL20: 0.168 | BM20: 0.182 | BN20: 0.188 | BO20: 0.186 | BP20: 0.198 | BQ20: 0.22 | BR20: 0.2 | BS20: 0.204 | BT20: 0.156 | BU20: 0.172 | BV20: 0.144 | BW20: 0.154 | BX20: 0.172 | BY20: 0.134 | BZ20: 0.146 | CA20: 0.158 | CB20: 0.19 | CC20: 0.178 | CD20: 0.178 | CE20: 0.144 | CF20: 0.168 | CG20: 0.186 | CH20: 0.168 | CI20: 0.17 | CJ20: 0.136 | CK20: 0.18 | CL20: 0.174 | CM20: 0.188 | CN20: 0.172 | CO20: 0.2 | CP20: 0.202 | CQ20: 0.218 | CR20: 0.246 | CS20: 0.146 | CT20: 0.158 | CU20: 0.176 | CV20: 0.176 | CW20: 0.174 | CX20: 0.156 | CY20: 0.168 | CZ20: 0.166 | DA20: 0.136 | DB20: 0.154 | DC20: 0.148 | DD20: 0.122 | DE20: 0.15 | DF20: 0.164 | DG20: 0.164 | DH20: 0.13 | DI20: 0.122 | DJ20: 0.142 | DK20: 0.15 | DL20: 0.166 | DM20: 0.134 | DN20: 0.152 | DO20: 0.122 | DP20: 0.142 | DQ20: 0.146 | DR20: 0.156 | DS20: 0.136 | DT20: 0.15 | DU20: 0.132 | DV20: 0.126 | DW20: 0.13 | DX20: 0.112 | DY20: 0.132 | DZ20: 0.146 | EA20: 0.15 | EB20: 0.154 | EC20: 0.162 | ED20: 0.17 | EE20: 0.116 | EF20: 0.108 | EG20: 0.15 | EH20: 0.15 | EI20: 0.142 | EJ20: 0.146 | EK20: 0.134 | FT20: =AVERAGE(G20:FR20) -> 0.17891852
A21: 20 | B21: o20 | C21: Initial | D21: J | E21: M | F21: 161 | G21: 0.17 | H21: 0.188 | I21: 0.164 | J21: 0.184 | K21: 0.18 | L21: 0.194 | M21: 0.194 | N21: 0.182 | O21: 0.204 | P21: 0.192 | Q21: 0.204 | R21: 0.19 | S21: 0.18 | T21: 0.194 | U21: 0.192 | V21: 0.188 | W21: 0.178 | X21: 0.196 | Y21: 0.196 | Z21: 0.184 | AA21: 0.178 | AB21: 0.18 | AC21: 0.204 | AD21: 0.186 | AE21: 0.154 | AF21: 0.146 | AG21: 0.148 | AH21: 0.15 | AI21: 0.156 | AJ21: 0.162 | AK21: 0.142 | AL21: 0.126 | AM21: 0.106 | AN21: 0.112 | AO21: 0.112 | AP21: 0.094 | AQ21: 0.12 | AR21: 0.176 | AS21: 0.18 | AT21: 0.16 | AU21: 0.174 | AV21: 0.162 | AW21: 0.152 | AX21: 0.176 | AY21: 0.148 | AZ21: 0.146 | BA21: 0.154 | BB21: 0.152 | BC21: 0.122 | BD21: 0.136 | BE21: 0.164 | BF21: 0.15 | BG21: 0.122 | BH21: 0.13 | BI21: 0.128 | BJ21: 0.134 | BK21: 0.132 | BL21: 0.15 | BM21: 0.118 | BN21: 0.122 | BO21: 0.118 | BP21: 0.118 | BQ21: 0.136 | BR21: 0.14 | BS21: 0.13 | BT21: 0.122 | BU21: 0.108 | BV21: 0.118 | BW21: 0.116 | BX21: 0.128 | BY21: 0.11 | BZ21: 0.094 | CA21: 0.092 | CB21: 0.094 | CC21: 0.106 | CD21: 0.122 | CE21: 0.128 | CF21: 0.108 | CG21: 0.138 | CH21: 0.142 | CI21: 0.126 | CJ21: 0.138 | CK21: 0.136 | CL21: 0.136 | CM21: 0.15 | CN21: 0.162 | CO21: 0.23 | CP21: 0.242 | CQ21: 0.244 | CR21: 0.222 | CS21: 0.21 | CT21: 0.204 | CU21: 0.192 | CV21: 0.186 | CW21: 0.186 | CX21: 0.156 | CY21: 0.172 | CZ21: 0.186 | DA21: 0.168 | DB21: 0.184 | DC21: 0.184 | DD21: 0.15 | DE21: 0.168 | DF21: 0.176 | DG21: 0.158 | DH21: 0.178 | DI21: 0.166 | DJ21: 0.176 | DK21: 0.178 | DL21: 0.158 | DM21: 0.166 | DN21: 0.158 | DO21: 0.162 | DP21: 0.148 | DQ21: 0.152 | DR21: 0.156 | DS21: 0.128 | DT21: 0.164 | DU21: 0.172 | DV21: 0.168 | DW21: 0.166 | DX21: 0.156 | DY21: 0.164 | DZ21: 0.168 | EA21: 0.13 | EB21: 0.14 | EC21: 0.166 | ED21: 0.138 | EE21: 0.146 | EF21: 0.158 | EG21: 0.12 | EH21: 0.168 | EI21: 0.204 | EJ21: 0.16 | EK21: 0.172 | EL21: 0.102 | EM21: 0.166 | EN21: 0.194 | EO21: 0.154 | EP21: 0.158 | EQ21: 0.12 | ER21: 0.16 | ES21: 0.15 | ET21: 0.12 | EU21: 0.118 | EV21: 0.136 | EW21: 0.146 | EX21: 0.122 | EY21: 0.128 | EZ21: 0.1 | FA21: 0.126 | FB21: 0.116 | FC21: 0.13 | FD21: 0.114 | FE21: 0.112 | FF21: 0.14 | FG21: 0.126 | FH21: 0.126 | FI21: 0.136 | FJ21: 0.106 | FK21: 0.136 | FT21: =AVERAGE(G21:FR21) -> 0.15329193
A22: 21 | B22: o21 | C22: Initial | D22: B | E22: F | F22: 139 | G22: 0.224 | H22: 0.2 | I22: 0.216 | J22: 0.208 | K22: 0.206 | L22: 0.18 | M22: 0.18 | N22: 0.2 | O22: 0.166 | P22: 0.178 | Q22: 0.176 | R22: 0.178 | S22: 0.17 | T22: 0.172 | U22: 0.156 | V22: 0.054 | W22: 0.116 | X22: 0.116 | Y22: 0.128 | Z22: 0.126 | AA22: 0.16 | AB22: 0.172 | AC22: 0.176 | AD22: 0.178 | AE22: 0.178 | AF22: 0.182 | AG22: 0.168 | AH22: 0.178 | AI22: 0.196 | AJ22: 0.178 | AK22: 0.158 | AL22: 0.168 | AM22: 0.14 | AN22: 0.174 | AO22: 0.164 | AP22: 0.162 | AQ22: 0.132 | AR22: 0.14 | AS22: 0.15 | AT22: 0.154 | AU22: 0.172 | AV22: 0.182 | AW22: 0.166 | AX22: 0.19 | AY22: 0.162 | AZ22: 0.206 | BA22: 0.172 | BB22: 0.15 | BC22: 0.158 | BD22: 0.158 | BE22: 0.164 | BF22: 0.176 | BG22: 0.164 | BH22: 0.096 | BI22: 0.124 | BJ22: 0.138 | BK22: 0.148 | BL22: 0.156 | BM22: 0.138 | BN22: 0.142 | BO22: 0.134 | BP22: 0.074 | BQ22: 0.126 | BR22: 0.09 | BS22: 0.108 | BT22: 0.116 | BU22: 0.124 | BV22: 0.146 | BW22: 0.166 | BX22: 0.146 | BY22: 0.16 | BZ22: 0.118 | CA22: 0.17 | CB22: 0.144 | CC22: 0.168 | CD22: 0.168 | CE22: 0.12 | CF22: 0.138 | CG22: 0.168 | CH22: 0.174 | CI22: 0.192 | CJ22: 0.176 | CK22: 0.164 | CL22: 0.186 | CM22: 0.174 | CN22: 0.172 | CO22: 0.174 | CP22: 0.184 | CQ22: 0.174 | CR22: 0.156 | CS22: 0.184 | CT22: 0.106 | CU22: 0.138 | CV22: 0.094 | CW22: 0.104 | CX22: 0.16 | CY22: 0.16 | CZ22: 0.168 | DA22: 0.126 | DB22: 0.16 | DC22: 0.144 | DD22: 0.152 | DE22: 0.132 | DF22: 0.168 | DG22: 0.148 | DH22: 0.176 | DI22: 0.164 | DJ22: 0.184 | DK22: 0.184 | DL22: 0.174 | DM22: 0.162 | DN22: 0.162 | DO22: 0.162 | DP22: 0.154 | DQ22: 0.152 | DR22: 0.174 | DS22: 0.164 | DT22: 0.186 | DU22: 0.172 | DV22: 0.156 | DW22: 0.164 | DX22: 0.164 | DY22: 0.152 | DZ22: 0.102 | EA22: 0.15 | EB22: 0.158 | EC22: 0.162 | ED22: 0.148 | EE22: 0.17 | EF22: 0.156 | EG22: 0.138 | EH22: 0.16 | EI22: 0.17 | EJ22: 0.15 | EK22: 0.158 | EL22: 0.148 | EM22: 0.138 | EN22: 0.134 | EO22: 0.182 | FT22: =AVERAGE(G22:FR22) -> 0.15758273
A23: 22 | B23: o22 | C23: Initial | D23: B | E23: F | F23: 127 | G23: 0.152 | H23: 0.212 | I23: 0.228 | J23: 0.216 | K23: 0.232 | L23: 0.22 | M23: 0.228 | N23: 0.228 | O23: 0.242 | P23: 0.224 | Q23: 0.244 | R23: 0.224 | S23: 0.228 | T23: 0.234 | U23: 0.23 | V23: 0.226 | W23: 0.244 | X23: 0.224 | Y23: 0.228 | Z23: 0.252 | AA23: 0.238 | AB23: 0.204 | AC23: 0.196 | AD23: 0.234 | AE23: 0.226 | AF23: 0.216 | AG23: 0.206 | AH23: 0.228 | AI23: 0.232 | AJ23: 0.254 | AK23: 0.236 | AL23: 0.192 | AM23: 0.2 | AN23: 0.214 | AO23: 0.22 | AP23: 0.224 | AQ23: 0.244 | AR23: 0.222 | AS23: 0.224 | AT23: 0.206 | AU23: 0.232 | AV23: 0.224 | AW23: 0.208 | AX23: 0.22 | AY23: 0.218 | AZ23: 0.196 | BA23: 0.24 | BB23: 0.226 | BC23: 0.222 | BD23: 0.226 | BE23: 0.234 | BF23: 0.218 | BG23: 0.228 | BH23: 0.202 | BI23: 0.228 | BJ23: 0.244 | BK23: 0.228 | BL23: 0.226 | BM23: 0.232 | BN23: 0.226 | BO23: 0.238 | BP23: 0.21 | BQ23: 0.238 | BR23: 0.226 | BS23: 0.23 | BT23: 0.242 | BU23: 0.224 | BV23: 0.24 | BW23: 0.222 | BX23: 0.23 | BY23: 0.218 | BZ23: 0.196 | CA23: 0.228 | CB23: 0.206 | CC23: 0.218 | CD23: 0.212 | CE23: 0.214 | CF23: 0.21 | CG23: 0.21 | CH23: 0.166 | CI23: 0.18 | CJ23: 0.188 | CK23: 0.156 | CL23: 0.194 | CM23: 0.19 | CN23: 0.194 | CO23: 0.212 | CP23: 0.168 | CQ23: 0.188 | CR23: 0.204 | CS23: 0.198 | CT23: 0.178 | CU23: 0.192 | CV23: 0.204 | CW23: 0.198 | CX23: 0.202 | CY23: 0.182 | CZ23: 0.188 | DA23: 0.208 | DB23: 0.192 | DC23: 0.166 | DD23: 0.176 | DE23: 0.178 | DF23: 0.164 | DG23: 0.176 | DH23: 0.168 | DI23: 0.186 | DJ23: 0.172 | DK23: 0.216 | DL23: 0.212 | DM23: 0.172 | DN23: 0.2 | DO23: 0.21 | DP23: 0.194 | DQ23: 0.226 | DR23: 0.212 | DS23: 0.2 | DT23: 0.2 | DU23: 0.202 | DV23: 0.17 | DW23: 0.154 | DX23: 0.16 | DY23: 0.16 | DZ23: 0.17 | EA23: 0.144 | EB23: 0.158 | EC23: 0.184 | FT23: =AVERAGE(G23:FR23) -> 0.20892913
A24: 23 | B24: o23 | C24: Initial | D24: J | E24: M | F24: 136 | G24: 0.19 | H24: 0.196 | I24: 0.192 | J24: 0.236 | K24: 0.162 | L24: 0.208 | M24: 0.23 | N24: 0.2 | O24: 0.212 | P24: 0.226 | Q24: 0.2 | R24: 0.26 | S24: 0.194 | T24: 0.206 | U24: 0.212 | V24: 0.194 | W24: 0.262 | X24: 0.212 | Y24: 0.206 | Z24: 0.17 | AA24: 0.208 | AB24: 0.188 | AC24: 0.21 | AD24: 0.214 | AE24: 0.218 | AF24: 0.162 | AG24: 0.178 | AH24: 0.228 | AI24: 0.232 | AJ24: 0.204 | AK24: 0.154 | AL24: 0.224 | AM24: 0.214 | AN24: 0.178 | AO24: 0.15 | AP24: 0.214 | AQ24: 0.168 | AR24: 0.166 | AS24: 0.222 | AT24: 0.158 | AU24: 0.138 | AV24: 0.204 | AW24: 0.198 | AX24: 0.172 | AY24: 0.17 | AZ24: 0.154 | BA24: 0.16 | BB24: 0.18 | BC24: 0.172 | BD24: 0.174 | BE24: 0.17 | BF24: 0.146 | BG24: 0.182 | BH24: 0.16 | BI24: 0.14 | BJ24: 0.18 | BK24: 0.176 | BL24: 0.156 | BM24: 0.148 | BN24: 0.182 | BO24: 0.186 | BP24: 0.196 | BQ24: 0.188 | BR24: 0.206 | BS24: 0.182 | BT24: 0.168 | BU24: 0.166 | BV24: 0.178 | BW24: 0.172 | BX24: 0.158 | BY24: 0.126 | BZ24: 0.206 | CA24: 0.138 | CB24: 0.152 | CC24: 0.064 | CD24: 0.112 | CE24: 0.188 | CF24: 0.148 | CG24: 0.154 | CH24: 0.092 | CI24: 0.08 | CJ24: 0.13 | CK24: 0.172 | CL24: 0.178 | CM24: 0.214 | CN24: 0.176 | CO24: 0.146 | CP24: 0.174 | CQ24: 0.096 | CR24: 0.148 | CS24: 0.082 | CT24: 0.156 | CU24: 0.178 | CV24: 0.174 | CW24: 0.158 | CX24: 0.182 | CY24: 0.194 | CZ24: 0.182 | DA24: 0.19 | DB24: 0.16 | DC24: 0.178 | DD24: 0.126 | DE24: 0.194 | DF24: 0.16 | DG24: 0.162 | DH24: 0.152 | DI24: 0.138 | DJ24: 0.18 | DK24: 0.19 | DL24: 0.148 | DM24: 0.168 | DN24: 0.15 | DO24: 0.182 | DP24: 0.188 | DQ24: 0.174 | DR24: 0.188 | DS24: 0.146 | DT24: 0.146 | DU24: 0.172 | DV24: 0.2 | DW24: 0.18 | DX24: 0.172 | DY24: 0.188 | DZ24: 0.198 | EA24: 0.2 | EB24: 0.216 | EC24: 0.192 | ED24: 0.224 | EE24: 0.204 | EF24: 0.204 | EG24: 0.192 | EH24: 0.158 | EI24: 0.186 | EJ24: 0.18 | EK24: 0.21 | EL24: 0.252 | FT24: =AVERAGE(G24:FR24) -> 0.17844118
A25: 24 | B25: o24 | C25: Initial | D25: J | E25: M | F25: 119 | G25: 0.24 | H25: 0.246 | I25: 0.228 | J25: 0.232 | K25: 0.212 | L25: 0.202 | M25: 0.242 | N25: 0.21 | O25: 0.252 | P25: 0.232 | Q25: 0.228 | R25: 0.232 | S25: 0.234 | T25: 0.234 | U25: 0.224 | V25: 0.222 | W25: 0.242 | X25: 0.236 | Y25: 0.244 | Z25: 0.258 | AA25: 0.258 | AB25: 0.264 | AC25: 0.278 | AD25: 0.258 | AE25: 0.252 | AF25: 0.244 | AG25: 0.252 | AH25: 0.262 | AI25: 0.26 | AJ25: 0.256 | AK25: 0.248 | AL25: 0.23 | AM25: 0.258 | AN25: 0.256 | AO25: 0.236 | AP25: 0.262 | AQ25: 0.286 | AR25: 0.27 | AS25: 0.28 | AT25: 0.258 | AU25: 0.254 | AV25: 0.264 | AW25: 0.264 | AX25: 0.256 | AY25: 0.26 | AZ25: 0.266 | BA25: 0.266 | BB25: 0.246 | BC25: 0.268 | BD25: 0.25 | BE25: 0.26 | BF25: 0.234 | BG25: 0.254 | BH25: 0.248 | BI25: 0.24 | BJ25: 0.248 | BK25: 0.252 | BL25: 0.238 | BM25: 0.248 | BN25: 0.262 | BO25: 0.246 | BP25: 0.248 | BQ25: 0.24 | BR25: 0.226 | BS25: 0.25 | BT25: 0.228 | BU25: 0.25 | BV25: 0.252 | BW25: 0.256 | BX25: 0.254 | BY25: 0.268 | BZ25: 0.248 | CA25: 0.23 | CB25: 0.234 | CC25: 0.244 | CD25: 0.256 | CE25: 0.252 | CF25: 0.238 | CG25: 0.24 | CH25: 0.278 | CI25: 0.258 | CJ25: 0.258 | CK25: 0.258 | CL25: 0.262 | CM25: 0.27 | CN25: 0.256 | CO25: 0.27 | CP25: 0.27 | CQ25: 0.258 | CR25: 0.252 | CS25: 0.256 | CT25: 0.258 | CU25: 0.248 | CV25: 0.234 | CW25: 0.226 | CX25: 0.282 | CY25: 0.272 | CZ25: 0.252 | DA25: 0.244 | DB25: 0.264 | DC25: 0.246 | DD25: 0.236 | DE25: 0.236 | DF25: 0.25 | DG25: 0.252 | DH25: 0.24 | DI25: 0.242 | DJ25: 0.25 | DK25: 0.244 | DL25: 0.232 | DM25: 0.28 | DN25: 0.264 | DO25: 0.236 | DP25: 0.242 | DQ25: 0.27 | DR25: 0.256 | DS25: 0.252 | DT25: 0.23 | DU25: 0.26 | FT25: =AVERAGE(G25:FR25) -> 0.24957983
A26: 25 | B26: o25 | C26: Initial | D26: J | E26: M | F26: 125 | G26: 0.276 | H26: 0.308 | I26: 0.32 | J26: 0.34 | K26: 0.33 | L26: 0.35 | M26: 0.328 | N26: 0.354 | O26: 0.312 | P26: 0.322 | Q26: 0.322 | R26: 0.32 | S26: 0.288 | T26: 0.292 | U26: 0.298 | V26: 0.33 | W26: 0.314 | X26: 0.306 | Y26: 0.282 | Z26: 0.258 | AA26: 0.304 | AB26: 0.256 | AC26: 0.216 | AD26: 0.252 | AE26: 0.238 | AF26: 0.334 | AG26: 0.368 | AH26: 0.35 | AI26: 0.274 | AJ26: 0.264 | AK26: 0.268 | AL26: 0.266 | AM26: 0.264 | AN26: 0.256 | AO26: 0.25 | AP26: 0.248 | AQ26: 0.234 | AR26: 0.266 | AS26: 0.274 | AT26: 0.208 | AU26: 0.238 | AV26: 0.224 | AW26: 0.238 | AX26: 0.252 | AY26: 0.248 | AZ26: 0.27 | BA26: 0.226 | BB26: 0.244 | BC26: 0.234 | BD26: 0.274 | BE26: 0.234 | BF26: 0.284 | BG26: 0.262 | BH26: 0.262 | BI26: 0.286 | BJ26: 0.224 | BK26: 0.22 | BL26: 0.26 | BM26: 0.264 | BN26: 0.238 | BO26: 0.232 | BP26: 0.212 | BQ26: 0.268 | BR26: 0.22 | BS26: 0.224 | BT26: 0.24 | BU26: 0.27 | BV26: 0.25 | BW26: 0.238 | BX26: 0.284 | BY26: 0.224 | BZ26: 0.266 | CA26: 0.256 | CB26: 0.25 | CC26: 0.248 | CD26: 0.23 | CE26: 0.274 | CF26: 0.256 | CG26: 0.26 | CH26: 0.248 | CI26: 0.258 | CJ26: 0.318 | CK26: 0.29 | CL26: 0.284 | CM26: 0.272 | CN26: 0.272 | CO26: 0.288 | CP26: 0.282 | CQ26: 0.31 | CR26: 0.268 | CS26: 0.274 | CT26: 0.272 | CU26: 0.292 | CV26: 0.28 | CW26: 0.274 | CX26: 0.264 | CY26: 0.27 | CZ26: 0.252 | DA26: 0.262 | DB26: 0.28 | DC26: 0.304 | DD26: 0.276 | DE26: 0.266 | DF26: 0.258 | DG26: 0.242 | DH26: 0.256 | DI26: 0.238 | DJ26: 0.232 | DK26: 0.252 | DL26: 0.222 | DM26: 0.24 | DN26: 0.23 | DO26: 0.24 | DP26: 0.224 | DQ26: 0.268 | DR26: 0.218 | DS26: 0.244 | DT26: 0.238 | DU26: 0.186 | DV26: 0.194 | DW26: 0.248 | DX26: 0.228 | DY26: 0.272 | DZ26: 0.242 | EA26: 0.276 | FT26: =AVERAGE(G26:FR26) -> 0.265824
A27: 26 | B27: o26 | C27: Initial | D27: B | E27: M | F27: 131 | G27: 0.214 | H27: 0.202 | I27: 0.202 | J27: 0.214 | K27: 0.206 | L27: 0.224 | M27: 0.202 | N27: 0.172 | O27: 0.16 | P27: 0.164 | Q27: 0.188 | R27: 0.194 | S27: 0.194 | T27: 0.196 | U27: 0.196 | V27: 0.2 | W27: 0.196 | X27: 0.2 | Y27: 0.198 | Z27: 0.198 | AA27: 0.2 | AB27: 0.196 | AC27: 0.18 | AD27: 0.176 | AE27: 0.188 | AF27: 0.192 | AG27: 0.18 | AH27: 0.176 | AI27: 0.182 | AJ27: 0.194 | AK27: 0.174 | AL27: 0.178 | AM27: 0.194 | AN27: 0.21 | AO27: 0.188 | AP27: 0.186 | AQ27: 0.182 | AR27: 0.166 | AS27: 0.134 | AT27: 0.17 | AU27: 0.156 | AV27: 0.18 | AW27: 0.214 | AX27: 0.194 | AY27: 0.182 | AZ27: 0.202 | BA27: 0.198 | BB27: 0.204 | BC27: 0.2 | BD27: 0.198 | BE27: 0.194 | BF27: 0.17 | BG27: 0.158 | BH27: 0.174 | BI27: 0.182 | BJ27: 0.174 | BK27: 0.18 | BL27: 0.184 | BM27: 0.176 | BN27: 0.17 | BO27: 0.184 | BP27: 0.184 | BQ27: 0.18 | BR27: 0.176 | BS27: 0.168 | BT27: 0.188 | BU27: 0.186 | BV27: 0.164 | BW27: 0.19 | BX27: 0.18 | BY27: 0.164 | BZ27: 0.15 | CA27: 0.168 | CB27: 0.152 | CC27: 0.166 | CD27: 0.178 | CE27: 0.186 | CF27: 0.206 | CG27: 0.188 | CH27: 0.18 | CI27: 0.19 | CJ27: 0.196 | CK27: 0.196 | CL27: 0.194 | CM27: 0.186 | CN27: 0.19 | CO27: 0.216 | CP27: 0.206 | CQ27: 0.194 | CR27: 0.188 | CS27: 0.176 | CT27: 0.186 | CU27: 0.19 | CV27: 0.196 | CW27: 0.198 | CX27: 0.18 | CY27: 0.184 | CZ27: 0.192 | DA27: 0.182 | DB27: 0.162 | DC27: 0.146 | DD27: 0.182 | DE27: 0.198 | DF27: 0.188 | DG27: 0.174 | DH27: 0.178 | DI27: 0.144 | DJ27: 0.17 | DK27: 0.166 | DL27: 0.162 | DM27: 0.172 | DN27: 0.16 | DO27: 0.174 | DP27: 0.17 | DQ27: 0.166 | DR27: 0.14 | DS27: 0.192 | DT27: 0.192 | DU27: 0.174 | DV27: 0.142 | DW27: 0.148 | DX27: 0.194 | DY27: 0.188 | DZ27: 0.182 | EA27: 0.172 | EB27: 0.182 | EC27: 0.184 | ED27: 0.188 | EE27: 0.192 | EF27: 0.17 | EG27: 0.19 | FT27: =AVERAGE(G27:FR27) -> 0.1830229
A28: 27 | B28: o27 | C28: Initial | D28: B | E28: M | F28: 122 | G28: 0.158 | H28: 0.22 | I28: 0.224 | J28: 0.236 | K28: 0.24 | L28: 0.25 | M28: 0.252 | N28: 0.228 | O28: 0.24 | P28: 0.23 | Q28: 0.264 | R28: 0.228 | S28: 0.246 | T28: 0.254 | U28: 0.286 | V28: 0.286 | W28: 0.326 | X28: 0.324 | Y28: 0.306 | Z28: 0.266 | AA28: 0.27 | AB28: 0.282 | AC28: 0.306 | AD28: 0.272 | AE28: 0.304 | AF28: 0.32 | AG28: 0.384 | AH28: 0.338 | AI28: 0.282 | AJ28: 0.262 | AK28: 0.244 | AL28: 0.262 | AM28: 0.242 | AN28: 0.25 | AO28: 0.232 | AP28: 0.234 | AQ28: 0.218 | AR28: 0.226 | AS28: 0.214 | AT28: 0.24 | AU28: 0.228 | AV28: 0.212 | AW28: 0.222 | AX28: 0.212 | AY28: 0.238 | AZ28: 0.246 | BA28: 0.24 | BB28: 0.276 | BC28: 0.264 | BD28: 0.262 | BE28: 0.288 | BF28: 0.26 | BG28: 0.286 | BH28: 0.288 | BI28: 0.274 | BJ28: 0.266 | BK28: 0.274 | BL28: 0.28 | BM28: 0.254 | BN28: 0.272 | BO28: 0.252 | BP28: 0.264 | BQ28: 0.292 | BR28: 0.302 | BS28: 0.266 | BT28: 0.26 | BU28: 0.276 | BV28: 0.278 | BW28: 0.268 | BX28: 0.26 | BY28: 0.228 | BZ28: 0.25 | CA28: 0.216 | CB28: 0.226 | CC28: 0.206 | CD28: 0.226 | CE28: 0.254 | CF28: 0.236 | CG28: 0.22 | CH28: 0.232 | CI28: 0.246 | CJ28: 0.276 | CK28: 0.27 | CL28: 0.258 | CM28: 0.232 | CN28: 0.226 | CO28: 0.22 | CP28: 0.216 | CQ28: 0.234 | CR28: 0.236 | CS28: 0.234 | CT28: 0.248 | CU28: 0.234 | CV28: 0.222 | CW28: 0.232 | CX28: 0.228 | CY28: 0.256 | CZ28: 0.264 | DA28: 0.25 | DB28: 0.258 | DC28: 0.25 | DD28: 0.25 | DE28: 0.278 | DF28: 0.264 | DG28: 0.254 | DH28: 0.282 | DI28: 0.236 | DJ28: 0.238 | DK28: 0.248 | DL28: 0.266 | DM28: 0.246 | DN28: 0.248 | DO28: 0.228 | DP28: 0.232 | DQ28: 0.256 | DR28: 0.228 | DS28: 0.24 | DT28: 0.234 | DU28: 0.234 | DV28: 0.268 | DW28: 0.254 | DX28: 0.264 | FT28: =AVERAGE(G28:FR28) -> 0.25359016
A29: 28 | B29: o28 | C29: Initial | D29: J | E29: M | F29: 156 | G29: 0.186 | H29: 0.128 | I29: 0.092 | J29: 0.144 | K29: 0.134 | L29: 0.13 | M29: 0.106 | N29: 0.166 | O29: 0.154 | P29: 0.172 | Q29: 0.124 | R29: 0.112 | S29: 0.146 | T29: 0.126 | U29: 0.144 | V29: 0.138 | W29: 0.106 | X29: 0.14 | Y29: 0.146 | Z29: 0.134 | AA29: 0.14 | AB29: 0.15 | AC29: 0.116 | AD29: 0.092 | AE29: 0.124 | AF29: 0.136 | AG29: 0.086 | AH29: 0.122 | AI29: 0.14 | AJ29: 0.124 | AK29: 0.144 | AL29: 0.136 | AM29: 0.134 | AN29: 0.11 | AO29: 0.116 | AP29: 0.088 | AQ29: 0.1 | AR29: 0.102 | AS29: 0.096 | AT29: 0.092 | AU29: 0.126 | AV29: 0.112 | AW29: 0.112 | AX29: 0.124 | AY29: 0.152 | AZ29: 0.13 | BA29: 0.128 | BB29: 0.122 | BC29: 0.136 | BD29: 0.12 | BE29: 0.124 | BF29: 0.162 | BG29: 0.158 | BH29: 0.094 | BI29: 0.138 | BJ29: 0.136 | BK29: 0.13 | BL29: 0.126 | BM29: 0.104 | BN29: 0.092 | BO29: 0.146 | BP29: 0.17 | BQ29: 0.124 | BR29: 0.098 | BS29: 0.158 | BT29: 0.088 | BU29: 0.136 | BV29: 0.074 | BW29: 0.082 | BX29: 0.126 | BY29: 0.118 | BZ29: 0.114 | CA29: 0.092 | CB29: 0.11 | CC29: 0.108 | CD29: 0.084 | CE29: 0.138 | CF29: 0.13 | CG29: 0.124 | CH29: 0.114 | CI29: 0.118 | CJ29: 0.134 | CK29: 0.098 | CL29: 0.136 | CM29: 0.14 | CN29: 0.128 | CO29: 0.098 | CP29: 0.134 | CQ29: 0.132 | CR29: 0.126 | CS29: 0.126 | CT29: 0.128 | CU29: 0.09 | CV29: 0.134 | CW29: 0.116 | CX29: 0.1 | CY29: 0.094 | CZ29: 0.132 | DA29: 0.11 | DB29: 0.12 | DC29: 0.122 | DD29: 0.112 | DE29: 0.13 | DF29: 0.14 | DG29: 0.106 | DH29: 0.096 | DI29: 0.118 | DJ29: 0.114 | DK29: 0.112 | DL29: 0.112 | DM29: 0.124 | DN29: 0.132 | DO29: 0.09 | DP29: 0.086 | DQ29: 0.13 | DR29: 0.052 | DS29: 0.138 | DT29: 0.102 | DU29: 0.11 | DV29: 0.142 | DW29: 0.092 | DX29: 0.104 | DY29: 0.114 | DZ29: 0.112 | EA29: 0.122 | EB29: 0.102 | EC29: 0.116 | ED29: 0.076 | EE29: 0.122 | EF29: 0.106 | EG29: 0.09 | EH29: 0.126 | EI29: 0.102 | EJ29: 0.076 | EK29: 0.138 | EL29: 0.14 | EM29: 0.092 | EN29: 0.08 | EO29: 0.154 | EP29: 0.12 | EQ29: 0.12 | ER29: 0.122 | ES29: 0.136 | ET29: 0.092 | EU29: 0.094 | EV29: 0.114 | EW29: 0.126 | EX29: 0.08 | EY29: 0.132 | EZ29: 0.134 | FA29: 0.134 | FB29: 0.126 | FC29: 0.136 | FD29: 0.138 | FE29: 0.088 | FF29: 0.11 | FT29: =AVERAGE(G29:FR29) -> 0.11964103
A30: 29 | B30: o29 | C30: Initial | D30: B | E30: F | F30: 126 | G30: 0.174 | H30: 0.194 | I30: 0.202 | J30: 0.204 | K30: 0.188 | L30: 0.194 | M30: 0.186 | N30: 0.18 | O30: 0.204 | P30: 0.164 | Q30: 0.19 | R30: 0.178 | S30: 0.192 | T30: 0.198 | U30: 0.178 | V30: 0.178 | W30: 0.166 | X30: 0.156 | Y30: 0.168 | Z30: 0.168 | AA30: 0.158 | AB30: 0.158 | AC30: 0.156 | AD30: 0.17 | AE30: 0.186 | AF30: 0.156 | AG30: 0.168 | AH30: 0.18 | AI30: 0.146 | AJ30: 0.172 | AK30: 0.186 | AL30: 0.182 | AM30: 0.182 | AN30: 0.182 | AO30: 0.17 | AP30: 0.172 | AQ30: 0.17 | AR30: 0.182 | AS30: 0.186 | AT30: 0.156 | AU30: 0.174 | AV30: 0.194 | AW30: 0.176 | AX30: 0.186 | AY30: 0.166 | AZ30: 0.186 | BA30: 0.168 | BB30: 0.164 | BC30: 0.196 | BD30: 0.166 | BE30: 0.164 | BF30: 0.148 | BG30: 0.17 | BH30: 0.156 | BI30: 0.204 | BJ30: 0.188 | BK30: 0.178 | BL30: 0.17 | BM30: 0.152 | BN30: 0.16 | BO30: 0.178 | BP30: 0.178 | BQ30: 0.162 | BR30: 0.152 | BS30: 0.166 | BT30: 0.152 | BU30: 0.17 | BV30: 0.194 | BW30: 0.16 | BX30: 0.168 | BY30: 0.166 | BZ30: 0.164 | CA30: 0.18 | CB30: 0.168 | CC30: 0.196 | CD30: 0.156 | CE30: 0.154 | CF30: 0.152 | CG30: 0.152 | CH30: 0.188 | CI30: 0.184 | CJ30: 0.168 | CK30: 0.148 | CL30: 0.172 | CM30: 0.176 | CN30: 0.168 | CO30: 0.142 | CP30: 0.186 | CQ30: 0.18 | CR30: 0.174 | CS30: 0.17 | CT30: 0.16 | CU30: 0.166 | CV30: 0.168 | CW30: 0.178 | CX30: 0.152 | CY30: 0.158 | CZ30: 0.168 | DA30: 0.126 | DB30: 0.144 | DC30: 0.174 | DD30: 0.166 | DE30: 0.176 | DF30: 0.184 | DG30: 0.174 | DH30: 0.16 | DI30: 0.16 | DJ30: 0.14 | DK30: 0.168 | DL30: 0.142 | DM30: 0.154 | DN30: 0.15 | DO30: 0.14 | DP30: 0.156 | DQ30: 0.12 | DR30: 0.134 | DS30: 0.126 | DT30: 0.146 | DU30: 0.138 | DV30: 0.152 | DW30: 0.136 | DX30: 0.142 | DY30: 0.176 | DZ30: 0.16 | EA30: 0.126 | EB30: 0.132 | FT30: =AVERAGE(G30:FR30) -> 0.16763492
A31: 30 | B31: o30 | C31: Initial | D31: B | E31: F | F31: 124 | G31: 0.182 | H31: 0.178 | I31: 0.168 | J31: 0.172 | K31: 0.168 | L31: 0.204 | M31: 0.178 | N31: 0.212 | O31: 0.198 | P31: 0.188 | Q31: 0.176 | R31: 0.194 | S31: 0.186 | T31: 0.178 | U31: 0.206 | V31: 0.164 | W31: 0.194 | X31: 0.184 | Y31: 0.204 | Z31: 0.204 | AA31: 0.178 | AB31: 0.182 | AC31: 0.2 | AD31: 0.196 | AE31: 0.21 | AF31: 0.162 | AG31: 0.182 | AH31: 0.196 | AI31: 0.202 | AJ31: 0.176 | AK31: 0.16 | AL31: 0.19 | AM31: 0.172 | AN31: 0.176 | AO31: 0.188 | AP31: 0.212 | AQ31: 0.202 | AR31: 0.194 | AS31: 0.19 | AT31: 0.142 | AU31: 0.18 | AV31: 0.18 | AW31: 0.184 | AX31: 0.188 | AY31: 0.134 | AZ31: 0.194 | BA31: 0.194 | BB31: 0.174 | BC31: 0.198 | BD31: 0.158 | BE31: 0.176 | BF31: 0.16 | BG31: 0.184 | BH31: 0.174 | BI31: 0.124 | BJ31: 0.156 | BK31: 0.154 | BL31: 0.154 | BM31: 0.156 | BN31: 0.142 | BO31: 0.15 | BP31: 0.118 | BQ31: 0.136 | BR31: 0.142 | BS31: 0.076 | BT31: 0.12 | BU31: 0.178 | BV31: 0.162 | BW31: 0.138 | BX31: 0.156 | BY31: 0.088 | BZ31: 0.164 | CA31: 0.138 | CB31: 0.18 | CC31: 0.174 | CD31: 0.17 | CE31: 0.192 | CF31: 0.182 | CG31: 0.14 | CH31: 0.14 | CI31: 0.148 | CJ31: 0.164 | CK31: 0.136 | CL31: 0.124 | CM31: 0.118 | CN31: 0.152 | CO31: 0.14 | CP31: 0.13 | CQ31: 0.108 | CR31: 0.148 | CS31: 0.132 | CT31: 0.158 | CU31: 0.142 | CV31: 0.158 | CW31: 0.17 | CX31: 0.132 | CY31: 0.144 | CZ31: 0.15 | DA31: 0.148 | DB31: 0.132 | DC31: 0.148 | DD31: 0.144 | DE31: 0.144 | DF31: 0.17 | DG31: 0.11 | DH31: 0.122 | DI31: 0.15 | DJ31: 0.132 | DK31: 0.14 | DL31: 0.14 | DM31: 0.07 | DN31: 0.134 | DO31: 0.132 | DP31: 0.156 | DQ31: 0.132 | DR31: 0.126 | DS31: 0.16 | DT31: 0.152 | DU31: 0.126 | DV31: 0.118 | DW31: 0.14 | DX31: 0.14 | DY31: 0.116 | DZ31: 0.11 | FT31: =AVERAGE(G31:FR31) -> 0.15969355
A32: 31 | B32: o31 | C32: Initial | D32: B | E32: M | F32: 122 | G32: 0.15 | H32: 0.152 | I32: 0.228 | J32: 0.25 | K32: 0.276 | L32: 0.282 | M32: 0.296 | N32: 0.276 | O32: 0.284 | P32: 0.29 | Q32: 0.31 | R32: 0.286 | S32: 0.31 | T32: 0.298 | U32: 0.306 | V32: 0.324 | W32: 0.324 | X32: 0.324 | Y32: 0.328 | Z32: 0.306 | AA32: 0.296 | AB32: 0.308 | AC32: 0.302 | AD32: 0.298 | AE32: 0.288 | AF32: 0.284 | AG32: 0.278 | AH32: 0.29 | AI32: 0.276 | AJ32: 0.3 | AK32: 0.324 | AL32: 0.338 | AM32: 0.348 | AN32: 0.32 | AO32: 0.316 | AP32: 0.304 | AQ32: 0.302 | AR32: 0.306 | AS32: 0.29 | AT32: 0.302 | AU32: 0.306 | AV32: 0.312 | AW32: 0.308 | AX32: 0.286 | AY32: 0.28 | AZ32: 0.296 | BA32: 0.3 | BB32: 0.288 | BC32: 0.3 | BD32: 0.302 | BE32: 0.302 | BF32: 0.278 | BG32: 0.278 | BH32: 0.28 | BI32: 0.286 | BJ32: 0.284 | BK32: 0.296 | BL32: 0.294 | BM32: 0.242 | BN32: 0.272 | BO32: 0.272 | BP32: 0.242 | BQ32: 0.254 | BR32: 0.262 | BS32: 0.244 | BT32: 0.21 | BU32: 0.236 | BV32: 0.242 | BW32: 0.238 | BX32: 0.258 | BY32: 0.244 | BZ32: 0.228 | CA32: 0.232 | CB32: 0.236 | CC32: 0.238 | CD32: 0.208 | CE32: 0.232 | CF32: 0.234 | CG32: 0.232 | CH32: 0.204 | CI32: 0.186 | CJ32: 0.21 | CK32: 0.198 | CL32: 0.186 | CM32: 0.212 | CN32: 0.164 | CO32: 0.214 | CP32: 0.186 | CQ32: 0.172 | CR32: 0.194 | CS32: 0.196 | CT32: 0.17 | CU32: 0.156 | CV32: 0.206 | CW32: 0.176 | CX32: 0.162 | CY32: 0.166 | CZ32: 0.15 | DA32: 0.14 | DB32: 0.164 | DC32: 0.192 | DD32: 0.154 | DE32: 0.132 | DF32: 0.116 | DG32: 0.186 | DH32: 0.162 | DI32: 0.158 | DJ32: 0.136 | DK32: 0.108 | DL32: 0.122 | DM32: 0.026 | DN32: 0.118 | DO32: 0.242 | DP32: 0.232 | DQ32: 0.246 | DR32: 0.22 | DS32: 0.226 | DT32: 0.212 | DU32: 0.226 | DV32: 0.194 | DW32: 0.154 | DX32: 0.184 | FT32: =AVERAGE(G32:FR32) -> 0.24229508
A33: 32 | B33: o32 | C33: Initial | D33: B | E33: M | F33: 124 | G33: 0.132 | H33: 0.192 | I33: 0.168 | J33: 0.184 | K33: 0.21 | L33: 0.224 | M33: 0.21 | N33: 0.208 | O33: 0.248 | P33: 0.234 | Q33: 0.234 | R33: 0.24 | S33: 0.23 | T33: 0.228 | U33: 0.242 | V33: 0.232 | W33: 0.218 | X33: 0.19 | Y33: 0.208 | Z33: 0.244 | AA33: 0.228 | AB33: 0.208 | AC33: 0.2 | AD33: 0.206 | AE33: 0.222 | AF33: 0.174 | AG33: 0.186 | AH33: 0.204 | AI33: 0.216 | AJ33: 0.222 | AK33: 0.214 | AL33: 0.202 | AM33: 0.208 | AN33: 0.208 | AO33: 0.226 | AP33: 0.242 | AQ33: 0.216 | AR33: 0.194 | AS33: 0.184 | AT33: 0.202 | AU33: 0.196 | AV33: 0.162 | AW33: 0.186 | AX33: 0.172 | AY33: 0.162 | AZ33: 0.162 | BA33: 0.138 | BB33: 0.138 | BC33: 0.154 | BD33: 0.138 | BE33: 0.142 | BF33: 0.104 | BG33: 0.126 | BH33: 0.172 | BI33: 0.154 | BJ33: 0.176 | BK33: 0.162 | BL33: 0.192 | BM33: 0.154 | BN33: 0.144 | BO33: 0.126 | BP33: 0.17 | BQ33: 0.146 | BR33: 0.146 | BS33: 0.168 | BT33: 0.124 | BU33: 0.104 | BV33: 0.174 | BW33: 0.194 | BX33: 0.172 | BY33: 0.144 | BZ33: 0.172 | CA33: 0.186 | CB33: 0.138 | CC33: 0.16 | CD33: 0.18 | CE33: 0.156 | CF33: 0.164 | CG33: 0.144 | CH33: 0.16 | CI33: 0.166 | CJ33: 0.17 | CK33: 0.152 | CL33: 0.112 | CM33: 0.104 | CN33: 0.124 | CO33: 0.146 | CP33: 0.17 | CQ33: 0.174 | CR33: 0.158 | CS33: 0.128 | CT33: 0.12 | CU33: 0.154 | CV33: 0.182 | CW33: 0.14 | CX33: 0.158 | CY33: 0.128 | CZ33: 0.152 | DA33: 0.124 | DB33: 0.114 | DC33: 0.112 | DD33: 0.014 | DE33: 0.114 | DF33: 0.076 | DG33: 0.076 | DH33: 0.116 | DI33: 0.076 | DJ33: 0.08 | DK33: 0.102 | DL33: 0.128 | DM33: 0.106 | DN33: 0.142 | DO33: 0.142 | DP33: 0.122 | DQ33: 0.116 | DR33: 0.098 | DS33: 0.082 | DT33: 0.146 | DU33: 0.116 | DV33: 0.122 | DW33: 0.098 | DX33: 0.118 | DY33: 0.1 | DZ33: 0.112 | FT33: =AVERAGE(G33:FR33) -> 0.16201613
A34: 33 | B34: o33 | C34: Initial | D34: J | E34: M | F34: 148 | G34: 0.078 | H34: 0.102 | I34: 0.11 | J34: 0.09 | K34: 0.084 | L34: 0.116 | M34: 0.126 | N34: 0.078 | O34: 0.128 | P34: 0.118 | Q34: 0.124 | R34: 0.114 | S34: 0.148 | T34: 0.142 | U34: 0.12 | V34: 0.146 | W34: 0.164 | X34: 0.148 | Y34: 0.188 | Z34: 0.196 | AA34: 0.188 | AB34: 0.176 | AC34: 0.208 | AD34: 0.202 | AE34: 0.196 | AF34: 0.192 | AG34: 0.192 | AH34: 0.154 | AI34: 0.176 | AJ34: 0.176 | AK34: 0.176 | AL34: 0.194 | AM34: 0.184 | AN34: 0.178 | AO34: 0.174 | AP34: 0.154 | AQ34: 0.194 | AR34: 0.19 | AS34: 0.178 | AT34: 0.182 | AU34: 0.174 | AV34: 0.154 | AW34: 0.162 | AX34: 0.182 | AY34: 0.188 | AZ34: 0.142 | BA34: 0.166 | BB34: 0.152 | BC34: 0.192 | BD34: 0.202 | BE34: 0.166 | BF34: 0.146 | BG34: 0.202 | BH34: 0.168 | BI34: 0.194 | BJ34: 0.168 | BK34: 0.164 | BL34: 0.176 | BM34: 0.19 | BN34: 0.178 | BO34: 0.166 | BP34: 0.184 | BQ34: 0.172 | BR34: 0.158 | BS34: 0.21 | BT34: 0.186 | BU34: 0.194 | BV34: 0.182 | BW34: 0.162 | BX34: 0.216 | BY34: 0.202 | BZ34: 0.204 | CA34: 0.196 | CB34: 0.196 | CC34: 0.182 | CD34: 0.184 | CE34: 0.204 | CF34: 0.198 | CG34: 0.174 | CH34: 0.17 | CI34: 0.188 | CJ34: 0.176 | CK34: 0.154 | CL34: 0.146 | CM34: 0.156 | CN34: 0.156 | CO34: 0.152 | CP34: 0.166 | CQ34: 0.17 | CR34: 0.182 | CS34: 0.148 | CT34: 0.16 | CU34: 0.154 | CV34: 0.148 | CW34: 0.194 | CX34: 0.166 | CY34: 0.16 | CZ34: 0.158 | DA34: 0.18 | DB34: 0.226 | DC34: 0.194 | DD34: 0.192 | DE34: 0.16 | DF34: 0.192 | DG34: 0.162 | DH34: 0.152 | DI34: 0.152 | DJ34: 0.094 | DK34: 0.17 | DL34: 0.198 | DM34: 0.148 | DN34: 0.124 | DO34: 0.124 | DP34: 0.098 | DQ34: 0.108 | DR34: 0.124 | DS34: 0.124 | DT34: 0.184 | DU34: 0.194 | DV34: 0.174 | DW34: 0.156 | DX34: 0.116 | DY34: 0.176 | DZ34: 0.222 | EA34: 0.198 | EB34: 0.146 | EC34: 0.182 | ED34: 0.156 | EE34: 0.126 | EF34: 0.13 | EG34: 0.132 | EH34: 0.142 | EI34: 0.096 | EJ34: 0.128 | EK34: 0.138 | EL34: 0.104 | EM34: 0.144 | EN34: 0.152 | EO34: 0.15 | EP34: 0.134 | EQ34: 0.166 | ER34: 0.166 | ES34: 0.164 | ET34: 0.146 | EU34: 0.094 | EV34: 0.118 | EW34: 0.162 | EX34: 0.132 | FT34: =AVERAGE(G34:FR34) -> 0.16131081
A35: 34 | B35: o34 | C35: Initial | D35: J | E35: M | F35: 112 | G35: 0.284 | H35: 0.298 | I35: 0.294 | J35: 0.288 | K35: 0.298 | L35: 0.268 | M35: 0.32 | N35: 0.294 | O35: 0.288 | P35: 0.266 | Q35: 0.258 | R35: 0.27 | S35: 0.26 | T35: 0.302 | U35: 0.286 | V35: 0.256 | W35: 0.276 | X35: 0.282 | Y35: 0.282 | Z35: 0.286 | AA35: 0.304 | AB35: 0.298 | AC35: 0.302 | AD35: 0.31 | AE35: 0.306 | AF35: 0.282 | AG35: 0.288 | AH35: 0.286 | AI35: 0.272 | AJ35: 0.26 | AK35: 0.262 | AL35: 0.252 | AM35: 0.266 | AN35: 0.228 | AO35: 0.184 | AP35: 0.264 | AQ35: 0.312 | AR35: 0.362 | AS35: 0.32 | AT35: 0.344 | AU35: 0.334 | AV35: 0.344 | AW35: 0.33 | AX35: 0.32 | AY35: 0.348 | AZ35: 0.346 | BA35: 0.346 | BB35: 0.34 | BC35: 0.322 | BD35: 0.342 | BE35: 0.308 | BF35: 0.294 | BG35: 0.316 | BH35: 0.308 | BI35: 0.298 | BJ35: 0.292 | BK35: 0.312 | BL35: 0.326 | BM35: 0.306 | BN35: 0.282 | BO35: 0.326 | BP35: 0.302 | BQ35: 0.288 | BR35: 0.308 | BS35: 0.292 | BT35: 0.252 | BU35: 0.254 | BV35: 0.274 | BW35: 0.304 | BX35: 0.328 | BY35: 0.284 | BZ35: 0.272 | CA35: 0.29 | CB35: 0.294 | CC35: 0.298 | CD35: 0.286 | CE35: 0.272 | CF35: 0.284 | CG35: 0.304 | CH35: 0.25 | CI35: 0.314 | CJ35: 0.328 | CK35: 0.294 | CL35: 0.294 | CM35: 0.312 | CN35: 0.28 | CO35: 0.288 | CP35: 0.304 | CQ35: 0.272 | CR35: 0.29 | CS35: 0.304 | CT35: 0.246 | CU35: 0.27 | CV35: 0.298 | CW35: 0.306 | CX35: 0.306 | CY35: 0.296 | CZ35: 0.278 | DA35: 0.29 | DB35: 0.274 | DC35: 0.284 | DD35: 0.242 | DE35: 0.266 | DF35: 0.26 | DG35: 0.292 | DH35: 0.294 | DI35: 0.244 | DJ35: 0.266 | DK35: 0.28 | DL35: 0.296 | DM35: 0.27 | DN35: 0.254 | FT35: =AVERAGE(G35:FR35) -> 0.29130357
A36: 35 | B36: o35 | C36: Initial | D36: B | E36: M | F36: 153 | G36: 0.116 | H36: 0.082 | I36: 0.09 | J36: 0.068 | K36: 0.072 | L36: 0.078 | M36: 0.088 | N36: 0.09 | O36: 0.098 | P36: 0.098 | Q36: 0.08 | R36: 0.08 | S36: 0.096 | T36: 0.082 | U36: 0.08 | V36: 0.07 | W36: 0.054 | X36: 0.072 | Y36: 0.066 | Z36: 0.044 | AA36: 0.048 | AB36: 0.066 | AC36: 0.054 | AD36: 0.068 | AE36: 0.074 | AF36: 0.058 | AG36: 0.062 | AH36: 0.036 | AI36: 0.044 | AJ36: 0.054 | AK36: 0.048 | AL36: 0.068 | AM36: 0.028 | AN36: 0.048 | AO36: 0.038 | AP36: 0.058 | AQ36: 0.064 | AR36: 0.08 | AS36: 0.07 | AT36: 0.068 | AU36: 0.03 | AV36: 0.042 | AW36: 0.058 | AX36: 0.056 | AY36: 0.048 | AZ36: 0.058 | BA36: 0.064 | BB36: 0.054 | BC36: 0.06 | BD36: 0.038 | BE36: 0.046 | BF36: 0.036 | BG36: 0.062 | BH36: 0.052 | BI36: 0.076 | BJ36: 0.066 | BK36: 0.056 | BL36: 0.052 | BM36: 0.024 | BN36: 0.032 | BO36: 0.08 | BP36: 0.04 | BQ36: 0.06 | BR36: 0.054 | BS36: 0.062 | BT36: 0.048 | BU36: 0.07 | BV36: 0.064 | BW36: 0.022 | BX36: 0.064 | BY36: 0.084 | BZ36: 0.076 | CA36: 0.07 | CB36: 0.058 | CC36: 0.062 | CD36: 0.072 | CE36: 0.034 | CF36: 0.07 | CG36: 0.05 | CH36: 0.064 | CI36: 0.06 | CJ36: 0.066 | CK36: 0.044 | CL36: 0.032 | CM36: 0.064 | CN36: 0.056 | CO36: 0.088 | CP36: 0.054 | CQ36: 0.01 | CR36: 0.05 | CS36: 0.048 | CT36: 0.046 | CU36: 0.04 | CV36: 0.052 | CW36: 0.058 | CX36: 0.056 | CY36: 0.06 | CZ36: 0.056 | DA36: 0.058 | DB36: 0.024 | DC36: 0.074 | DD36: 0.048 | DE36: 0.052 | DF36: 0.054 | DG36: 0.05 | DH36: 0.062 | DI36: 0.044 | DJ36: 0.044 | DK36: 0.032 | DL36: 0.068 | DM36: 0.034 | DN36: 0.016 | DO36: 0.044 | DP36: 0.01 | DQ36: 0.06 | DR36: 0.012 | DS36: 0.03 | DT36: 0.066 | DU36: 0.068 | DV36: 0.064 | DW36: 0.052 | DX36: 0.032 | DY36: 0.032 | DZ36: 0.042 | EA36: 0.04 | EB36: 0.072 | EC36: 0.06 | ED36: 0.062 | EE36: 0.054 | EF36: 0.028 | EG36: 0.058 | EH36: 0.05 | EI36: 0.02 | EJ36: 0.044 | EK36: 0.03 | EL36: 0.072 | EM36: 0.032 | EN36: 0.012 | EO36: 0.048 | EP36: 0.044 | EQ36: 0.074 | ER36: 0.028 | ES36: 0.06 | ET36: 0.056 | EU36: 0.03 | EV36: 0.03 | EW36: 0.022 | EX36: 0.036 | EY36: 0.032 | EZ36: 0.01 | FA36: 0.04 | FB36: 0.03 | FC36: 0.054 | FT36: =AVERAGE(G36:FR36) -> 0.054196078
A37: 36 | B37: o36 | C37: Initial | D37: B | E37: M | F37: 133 | G37: 0.144 | H37: 0.124 | I37: 0.112 | J37: 0.11 | K37: 0.116 | L37: 0.156 | M37: 0.154 | N37: 0.124 | O37: 0.128 | P37: 0.138 | Q37: 0.16 | R37: 0.152 | S37: 0.13 | T37: 0.136 | U37: 0.148 | V37: 0.134 | W37: 0.154 | X37: 0.15 | Y37: 0.178 | Z37: 0.164 | AA37: 0.18 | AB37: 0.168 | AC37: 0.172 | AD37: 0.176 | AE37: 0.19 | AF37: 0.19 | AG37: 0.188 | AH37: 0.2 | AI37: 0.21 | AJ37: 0.206 | AK37: 0.22 | AL37: 0.214 | AM37: 0.192 | AN37: 0.23 | AO37: 0.228 | AP37: 0.232 | AQ37: 0.236 | AR37: 0.208 | AS37: 0.232 | AT37: 0.226 | AU37: 0.258 | AV37: 0.26 | AW37: 0.246 | AX37: 0.234 | AY37: 0.224 | AZ37: 0.242 | BA37: 0.224 | BB37: 0.198 | BC37: 0.202 | BD37: 0.208 | BE37: 0.23 | BF37: 0.216 | BG37: 0.222 | BH37: 0.218 | BI37: 0.222 | BJ37: 0.234 | BK37: 0.234 | BL37: 0.228 | BM37: 0.226 | BN37: 0.226 | BO37: 0.224 | BP37: 0.208 | BQ37: 0.19 | BR37: 0.212 | BS37: 0.214 | BT37: 0.19 | BU37: 0.198 | BV37: 0.198 | BW37: 0.192 | BX37: 0.178 | BY37: 0.202 | BZ37: 0.188 | CA37: 0.184 | CB37: 0.182 | CC37: 0.224 | CD37: 0.222 | CE37: 0.212 | CF37: 0.216 | CG37: 0.224 | CH37: 0.206 | CI37: 0.22 | CJ37: 0.188 | CK37: 0.204 | CL37: 0.152 | CM37: 0.156 | CN37: 0.19 | CO37: 0.182 | CP37: 0.188 | CQ37: 0.178 | CR37: 0.184 | CS37: 0.182 | CT37: 0.192 | CU37: 0.17 | CV37: 0.178 | CW37: 0.188 | CX37: 0.154 | CY37: 0.148 | CZ37: 0.142 | DA37: 0.146 | DB37: 0.134 | DC37: 0.172 | DD37: 0.16 | DE37: 0.146 | DF37: 0.13 | DG37: 0.152 | DH37: 0.184 | DI37: 0.16 | DJ37: 0.14 | DK37: 0.148 | DL37: 0.156 | DM37: 0.14 | DN37: 0.13 | DO37: 0.158 | DP37: 0.16 | DQ37: 0.168 | DR37: 0.152 | DS37: 0.182 | DT37: 0.16 | DU37: 0.132 | DV37: 0.174 | DW37: 0.212 | DX37: 0.17 | DY37: 0.176 | DZ37: 0.17 | EA37: 0.148 | EB37: 0.15 | EC37: 0.136 | ED37: 0.132 | EE37: 0.152 | EF37: 0.124 | EG37: 0.088 | EH37: 0.142 | EI37: 0.118 | FT37: =AVERAGE(G37:FR37) -> 0.18063158
A38: 37 | B38: o37 | C38: Initial | D38: J | E38: M | F38: 145 | G38: 0.156 | H38: 0.152 | I38: 0.184 | J38: 0.182 | K38: 0.202 | L38: 0.196 | M38: 0.208 | N38: 0.204 | O38: 0.208 | P38: 0.202 | Q38: 0.188 | R38: 0.196 | S38: 0.204 | T38: 0.23 | U38: 0.208 | V38: 0.226 | W38: 0.21 | X38: 0.226 | Y38: 0.222 | Z38: 0.2 | AA38: 0.19 | AB38: 0.202 | AC38: 0.168 | AD38: 0.204 | AE38: 0.198 | AF38: 0.194 | AG38: 0.198 | AH38: 0.204 | AI38: 0.196 | AJ38: 0.19 | AK38: 0.182 | AL38: 0.174 | AM38: 0.188 | AN38: 0.19 | AO38: 0.216 | AP38: 0.172 | AQ38: 0.152 | AR38: 0.178 | AS38: 0.178 | AT38: 0.176 | AU38: 0.18 | AV38: 0.192 | AW38: 0.204 | AX38: 0.174 | AY38: 0.154 | AZ38: 0.186 | BA38: 0.19 | BB38: 0.192 | BC38: 0.188 | BD38: 0.178 | BE38: 0.168 | BF38: 0.2 | BG38: 0.168 | BH38: 0.2 | BI38: 0.224 | BJ38: 0.172 | BK38: 0.176 | BL38: 0.186 | BM38: 0.19 | BN38: 0.178 | BO38: 0.196 | BP38: 0.174 | BQ38: 0.198 | BR38: 0.184 | BS38: 0.15 | BT38: 0.198 | BU38: 0.21 | BV38: 0.18 | BW38: 0.186 | BX38: 0.202 | BY38: 0.202 | BZ38: 0.204 | CA38: 0.194 | CB38: 0.218 | CC38: 0.204 | CD38: 0.162 | CE38: 0.156 | CF38: 0.178 | CG38: 0.176 | CH38: 0.19 | CI38: 0.158 | CJ38: 0.18 | CK38: 0.174 | CL38: 0.162 | CM38: 0.192 | CN38: 0.186 | CO38: 0.206 | CP38: 0.188 | CQ38: 0.178 | CR38: 0.184 | CS38: 0.218 | CT38: 0.2 | CU38: 0.166 | CV38: 0.184 | CW38: 0.198 | CX38: 0.17 | CY38: 0.186 | CZ38: 0.202 | DA38: 0.196 | DB38: 0.174 | DC38: 0.184 | DD38: 0.176 | DE38: 0.206 | DF38: 0.178 | DG38: 0.156 | DH38: 0.178 | DI38: 0.208 | DJ38: 0.188 | DK38: 0.2 | DL38: 0.184 | DM38: 0.194 | DN38: 0.226 | DO38: 0.212 | DP38: 0.2 | DQ38: 0.192 | DR38: 0.196 | DS38: 0.204 | DT38: 0.194 | DU38: 0.206 | DV38: 0.202 | DW38: 0.198 | DX38: 0.196 | DY38: 0.196 | DZ38: 0.208 | EA38: 0.212 | EB38: 0.206 | EC38: 0.2 | ED38: 0.218 | EE38: 0.192 | EF38: 0.204 | EG38: 0.228 | EH38: 0.21 | EI38: 0.216 | EJ38: 0.21 | EK38: 0.226 | EL38: 0.206 | EM38: 0.196 | EN38: 0.182 | EO38: 0.198 | EP38: 0.184 | EQ38: 0.18 | ER38: 0.184 | ES38: 0.194 | ET38: 0.194 | EU38: 0.166 | FT38: =AVERAGE(G38:FR38) -> 0.19176552
A39: 38 | B39: o38 | C39: Initial | D39: J | E39: M | F39: 133 | G39: 0.134 | H39: 0.16 | I39: 0.166 | J39: 0.182 | K39: 0.174 | L39: 0.186 | M39: 0.19 | N39: 0.192 | O39: 0.194 | P39: 0.184 | Q39: 0.198 | R39: 0.196 | S39: 0.192 | T39: 0.212 | U39: 0.23 | V39: 0.2 | W39: 0.194 | X39: 0.226 | Y39: 0.204 | Z39: 0.224 | AA39: 0.228 | AB39: 0.236 | AC39: 0.234 | AD39: 0.212 | AE39: 0.208 | AF39: 0.216 | AG39: 0.212 | AH39: 0.208 | AI39: 0.21 | AJ39: 0.194 | AK39: 0.186 | AL39: 0.194 | AM39: 0.198 | AN39: 0.202 | AO39: 0.19 | AP39: 0.194 | AQ39: 0.214 | AR39: 0.224 | AS39: 0.202 | AT39: 0.198 | AU39: 0.192 | AV39: 0.204 | AW39: 0.172 | AX39: 0.166 | AY39: 0.172 | AZ39: 0.174 | BA39: 0.194 | BB39: 0.158 | BC39: 0.16 | BD39: 0.156 | BE39: 0.156 | BF39: 0.154 | BG39: 0.164 | BH39: 0.176 | BI39: 0.168 | BJ39: 0.158 | BK39: 0.166 | BL39: 0.17 | BM39: 0.166 | BN39: 0.164 | BO39: 0.164 | BP39: 0.164 | BQ39: 0.18 | BR39: 0.176 | BS39: 0.19 | BT39: 0.228 | BU39: 0.214 | BV39: 0.212 | BW39: 0.214 | BX39: 0.218 | BY39: 0.21 | BZ39: 0.186 | CA39: 0.208 | CB39: 0.204 | CC39: 0.208 | CD39: 0.21 | CE39: 0.226 | CF39: 0.212 | CG39: 0.218 | CH39: 0.22 | CI39: 0.214 | CJ39: 0.208 | CK39: 0.196 | CL39: 0.198 | CM39: 0.196 | CN39: 0.2 | CO39: 0.202 | CP39: 0.208 | CQ39: 0.222 | CR39: 0.208 | CS39: 0.214 | CT39: 0.188 | CU39: 0.188 | CV39: 0.202 | CW39: 0.19 | CX39: 0.17 | CY39: 0.208 | CZ39: 0.262 | DA39: 0.25 | DB39: 0.23 | DC39: 0.212 | DD39: 0.186 | DE39: 0.194 | DF39: 0.2 | DG39: 0.198 | DH39: 0.198 | DI39: 0.182 | DJ39: 0.184 | DK39: 0.192 | DL39: 0.206 | DM39: 0.196 | DN39: 0.194 | DO39: 0.186 | DP39: 0.182 | DQ39: 0.168 | DR39: 0.176 | DS39: 0.17 | DT39: 0.152 | DU39: 0.176 | DV39: 0.174 | DW39: 0.172 | DX39: 0.142 | DY39: 0.184 | DZ39: 0.162 | EA39: 0.172 | EB39: 0.166 | EC39: 0.164 | ED39: 0.168 | EE39: 0.166 | EF39: 0.19 | EG39: 0.166 | EH39: 0.154 | EI39: 0.158 | FT39: =AVERAGE(G39:FR39) -> 0.19168421
A40: 39 | B40: o39 | C40: Initial | D40: B | E40: M | F40: 121 | G40: 0.234 | H40: 0.284 | I40: 0.336 | J40: 0.348 | K40: 0.322 | L40: 0.34 | M40: 0.346 | N40: 0.326 | O40: 0.324 | P40: 0.332 | Q40: 0.328 | R40: 0.312 | S40: 0.34 | T40: 0.316 | U40: 0.332 | V40: 0.326 | W40: 0.318 | X40: 0.272 | Y40: 0.316 | Z40: 0.288 | AA40: 0.314 | AB40: 0.3 | AC40: 0.324 | AD40: 0.316 | AE40: 0.304 | AF40: 0.296 | AG40: 0.288 | AH40: 0.284 | AI40: 0.288 | AJ40: 0.312 | AK40: 0.286 | AL40: 0.312 | AM40: 0.312 | AN40: 0.312 | AO40: 0.288 | AP40: 0.298 | AQ40: 0.24 | AR40: 0.304 | AS40: 0.314 | AT40: 0.286 | AU40: 0.31 | AV40: 0.29 | AW40: 0.306 | AX40: 0.318 | AY40: 0.292 | AZ40: 0.308 | BA40: 0.306 | BB40: 0.284 | BC40: 0.312 | BD40: 0.278 | BE40: 0.278 | BF40: 0.29 | BG40: 0.292 | BH40: 0.276 | BI40: 0.262 | BJ40: 0.294 | BK40: 0.278 | BL40: 0.272 | BM40: 0.25 | BN40: 0.3 | BO40: 0.278 | BP40: 0.268 | BQ40: 0.3 | BR40: 0.296 | BS40: 0.314 | BT40: 0.272 | BU40: 0.326 | BV40: 0.27 | BW40: 0.286 | BX40: 0.286 | BY40: 0.266 | BZ40: 0.254 | CA40: 0.25 | CB40: 0.244 | CC40: 0.212 | CD40: 0.2 | CE40: 0.16 | CF40: 0.162 | CG40: 0.148 | CH40: 0.188 | CI40: 0.218 | CJ40: 0.264 | CK40: 0.268 | CL40: 0.276 | CM40: 0.226 | CN40: 0.28 | CO40: 0.22 | CP40: 0.252 | CQ40: 0.266 | CR40: 0.254 | CS40: 0.288 | CT40: 0.274 | CU40: 0.252 | CV40: 0.234 | CW40: 0.232 | CX40: 0.252 | CY40: 0.264 | CZ40: 0.214 | DA40: 0.254 | DB40: 0.216 | DC40: 0.224 | DD40: 0.258 | DE40: 0.262 | DF40: 0.25 | DG40: 0.248 | DH40: 0.254 | DI40: 0.228 | DJ40: 0.256 | DK40: 0.236 | DL40: 0.254 | DM40: 0.258 | DN40: 0.226 | DO40: 0.17 | DP40: 0.226 | DQ40: 0.194 | DR40: 0.214 | DS40: 0.202 | DT40: 0.23 | DU40: 0.214 | DV40: 0.206 | DW40: 0.206 | FT40: =AVERAGE(G40:FR40) -> 0.27201653
A41: 40 | B41: o40 | C41: Initial | D41: J | E41: F | F41: 118 | G41: 0.256 | H41: 0.29 | I41: 0.298 | J41: 0.306 | K41: 0.284 | L41: 0.288 | M41: 0.272 | N41: 0.268 | O41: 0.212 | P41: 0.286 | Q41: 0.278 | R41: 0.294 | S41: 0.264 | T41: 0.274 | U41: 0.288 | V41: 0.272 | W41: 0.276 | X41: 0.278 | Y41: 0.282 | Z41: 0.236 | AA41: 0.224 | AB41: 0.256 | AC41: 0.214 | AD41: 0.244 | AE41: 0.25 | AF41: 0.238 | AG41: 0.22 | AH41: 0.228 | AI41: 0.246 | AJ41: 0.24 | AK41: 0.264 | AL41: 0.224 | AM41: 0.208 | AN41: 0.276 | AO41: 0.252 | AP41: 0.26 | AQ41: 0.248 | AR41: 0.238 | AS41: 0.23 | AT41: 0.206 | AU41: 0.234 | AV41: 0.236 | AW41: 0.312 | AX41: 0.28 | AY41: 0.296 | AZ41: 0.272 | BA41: 0.264 | BB41: 0.272 | BC41: 0.248 | BD41: 0.256 | BE41: 0.252 | BF41: 0.264 | BG41: 0.26 | BH41: 0.246 | BI41: 0.25 | BJ41: 0.234 | BK41: 0.228 | BL41: 0.258 | BM41: 0.252 | BN41: 0.248 | BO41: 0.24 | BP41: 0.23 | BQ41: 0.234 | BR41: 0.244 | BS41: 0.248 | BT41: 0.252 | BU41: 0.232 | BV41: 0.224 | BW41: 0.22 | BX41: 0.218 | BY41: 0.238 | BZ41: 0.228 | CA41: 0.208 | CB41: 0.17 | CC41: 0.202 | CD41: 0.214 | CE41: 0.212 | CF41: 0.22 | CG41: 0.234 | CH41: 0.256 | CI41: 0.246 | CJ41: 0.248 | CK41: 0.25 | CL41: 0.248 | CM41: 0.244 | CN41: 0.242 | CO41: 0.246 | CP41: 0.234 | CQ41: 0.228 | CR41: 0.256 | CS41: 0.246 | CT41: 0.176 | CU41: 0.184 | CV41: 0.198 | CW41: 0.188 | CX41: 0.182 | CY41: 0.21 | CZ41: 0.224 | DA41: 0.218 | DB41: 0.226 | DC41: 0.224 | DD41: 0.17 | DE41: 0.21 | DF41: 0.208 | DG41: 0.222 | DH41: 0.228 | DI41: 0.226 | DJ41: 0.202 | DK41: 0.226 | DL41: 0.228 | DM41: 0.202 | DN41: 0.222 | DO41: 0.234 | DP41: 0.208 | DQ41: 0.202 | DR41: 0.21 | DS41: 0.198 | DT41: 0.184 | FT41: =AVERAGE(G41:FR41) -> 0.23942373
A42: 1 | B42: o1 | C42: Final | D42: J | E42: F | F42: 124 | G42: 0.234 | H42: 0.208 | I42: 0.158 | J42: 0.172 | K42: 0.132 | L42: 0.156 | M42: 0.19 | N42: 0.192 | O42: 0.184 | P42: 0.162 | Q42: 0.182 | R42: 0.204 | S42: 0.194 | T42: 0.222 | U42: 0.19 | V42: 0.2 | W42: 0.176 | X42: 0.172 | Y42: 0.206 | Z42: 0.184 | AA42: 0.174 | AB42: 0.154 | AC42: 0.148 | AD42: 0.166 | AE42: 0.17 | AF42: 0.186 | AG42: 0.222 | AH42: 0.186 | AI42: 0.2 | AJ42: 0.2 | AK42: 0.202 | AL42: 0.188 | AM42: 0.22 | AN42: 0.186 | AO42: 0.154 | AP42: 0.188 | AQ42: 0.212 | AR42: 0.206 | AS42: 0.192 | AT42: 0.174 | AU42: 0.18 | AV42: 0.192 | AW42: 0.164 | AX42: 0.14 | AY42: 0.188 | AZ42: 0.176 | BA42: 0.17 | BB42: 0.2 | BC42: 0.186 | BD42: 0.2 | BE42: 0.178 | BF42: 0.19 | BG42: 0.168 | BH42: 0.148 | BI42: 0.164 | BJ42: 0.16 | BK42: 0.146 | BL42: 0.16 | BM42: 0.174 | BN42: 0.17 | BO42: 0.146 | BP42: 0.144 | BQ42: 0.152 | BR42: 0.176 | BS42: 0.152 | BT42: 0.166 | BU42: 0.176 | BV42: 0.162 | BW42: 0.158 | BX42: 0.176 | BY42: 0.178 | BZ42: 0.18 | CA42: 0.164 | CB42: 0.168 | CC42: 0.166 | CD42: 0.164 | CE42: 0.162 | CF42: 0.168 | CG42: 0.154 | CH42: 0.154 | CI42: 0.144 | CJ42: 0.142 | CK42: 0.156 | CL42: 0.164 | CM42: 0.132 | CN42: 0.138 | CO42: 0.124 | CP42: 0.146 | CQ42: 0.134 | CR42: 0.138 | CS42: 0.158 | CT42: 0.14 | CU42: 0.152 | CV42: 0.146 | CW42: 0.144 | CX42: 0.13 | CY42: 0.124 | CZ42: 0.106 | DA42: 0.13 | DB42: 0.144 | DC42: 0.102 | DD42: 0.128 | DE42: 0.132 | DF42: 0.124 | DG42: 0.136 | DH42: 0.12 | DI42: 0.128 | DJ42: 0.12 | DK42: 0.122 | DL42: 0.122 | DM42: 0.134 | DN42: 0.126 | DO42: 0.134 | DP42: 0.14 | DQ42: 0.112 | DR42: 0.152 | DS42: 0.11 | DT42: 0.12 | DU42: 0.116 | DV42: 0.126 | DW42: 0.13 | DX42: 0.146 | DY42: 0.14 | DZ42: 0.092 | FT42: =AVERAGE(G42:FR42) -> 0.16104839
A43: 2 | B43: o2 | C43: Final | D43: B | E43: M | F43: 155 | G43: 0.092 | H43: 0.116 | I43: 0.112 | J43: 0.108 | K43: 0.126 | L43: 0.13 | M43: 0.106 | N43: 0.12 | O43: 0.146 | P43: 0.14 | Q43: 0.138 | R43: 0.152 | S43: 0.15 | T43: 0.136 | U43: 0.136 | V43: 0.134 | W43: 0.126 | X43: 0.136 | Y43: 0.124 | Z43: 0.12 | AA43: 0.124 | AB43: 0.136 | AC43: 0.09 | AD43: 0.114 | AE43: 0.108 | AF43: 0.134 | AG43: 0.144 | AH43: 0.126 | AI43: 0.116 | AJ43: 0.124 | AK43: 0.132 | AL43: 0.144 | AM43: 0.142 | AN43: 0.17 | AO43: 0.138 | AP43: 0.122 | AQ43: 0.138 | AR43: 0.11 | AS43: 0.144 | AT43: 0.134 | AU43: 0.146 | AV43: 0.134 | AW43: 0.138 | AX43: 0.112 | AY43: 0.16 | AZ43: 0.14 | BA43: 0.134 | BB43: 0.068 | BC43: 0.112 | BD43: 0.122 | BE43: 0.122 | BF43: 0.136 | BG43: 0.118 | BH43: 0.098 | BI43: 0.114 | BJ43: 0.136 | BK43: 0.134 | BL43: 0.118 | BM43: 0.11 | BN43: 0.132 | BO43: 0.138 | BP43: 0.138 | BQ43: 0.13 | BR43: 0.098 | BS43: 0.114 | BT43: 0.106 | BU43: 0.104 | BV43: 0.1 | BW43: 0.102 | BX43: 0.082 | BY43: 0.098 | BZ43: 0.1 | CA43: 0.14 | CB43: 0.13 | CC43: 0.128 | CD43: 0.144 | CE43: 0.13 | CF43: 0.124 | CG43: 0.118 | CH43: 0.098 | CI43: 0.11 | CJ43: 0.12 | CK43: 0.12 | CL43: 0.104 | CM43: 0.1 | CN43: 0.106 | CO43: 0.08 | CP43: 0.098 | CQ43: 0.12 | CR43: 0.12 | CS43: 0.124 | CT43: 0.11 | CU43: 0.116 | CV43: 0.112 | CW43: 0.106 | CX43: 0.098 | CY43: 0.102 | CZ43: 0.084 | DA43: 0.096 | DB43: 0.106 | DC43: 0.094 | DD43: 0.118 | DE43: 0.106 | DF43: 0.11 | DG43: 0.088 | DH43: 0.072 | DI43: 0.092 | DJ43: 0.102 | DK43: 0.1 | DL43: 0.112 | DM43: 0.096 | DN43: 0.096 | DO43: 0.096 | DP43: 0.104 | DQ43: 0.104 | DR43: 0.102 | DS43: 0.106 | DT43: 0.096 | DU43: 0.092 | DV43: 0.104 | DW43: 0.11 | DX43: 0.114 | DY43: 0.088 | DZ43: 0.12 | EA43: 0.114 | EB43: 0.11 | EC43: 0.092 | ED43: 0.104 | EE43: 0.114 | EF43: 0.12 | EG43: 0.092 | EH43: 0.118 | EI43: 0.086 | EJ43: 0.096 | EK43: 0.14 | EL43: 0.112 | EM43: 0.094 | EN43: 0.08 | EO43: 0.096 | EP43: 0.096 | EQ43: 0.102 | ER43: 0.126 | ES43: 0.07 | ET43: 0.088 | EU43: 0.088 | EV43: 0.08 | EW43: 0.088 | EX43: 0.074 | EY43: 0.054 | EZ43: 0.092 | FA43: 0.1 | FB43: 0.092 | FC43: 0.124 | FD43: 0.084 | FE43: 0.064 | FT43: =AVERAGE(G43:FR43) -> 0.11282581
A44: 3 | B44: o3 | C44: Final | D44: J | E44: F | F44: 148 | G44: 0.124 | H44: 0.148 | I44: 0.156 | J44: 0.138 | K44: 0.134 | L44: 0.144 | M44: 0.182 | N44: 0.128 | O44: 0.148 | P44: 0.19 | Q44: 0.17 | R44: 0.152 | S44: 0.156 | T44: 0.168 | U44: 0.162 | V44: 0.162 | W44: 0.158 | X44: 0.152 | Y44: 0.154 | Z44: 0.134 | AA44: 0.164 | AB44: 0.18 | AC44: 0.2 | AD44: 0.19 | AE44: 0.164 | AF44: 0.156 | AG44: 0.174 | AH44: 0.16 | AI44: 0.162 | AJ44: 0.188 | AK44: 0.176 | AL44: 0.184 | AM44: 0.142 | AN44: 0.156 | AO44: 0.19 | AP44: 0.146 | AQ44: 0.156 | AR44: 0.154 | AS44: 0.168 | AT44: 0.172 | AU44: 0.162 | AV44: 0.162 | AW44: 0.152 | AX44: 0.158 | AY44: 0.14 | AZ44: 0.154 | BA44: 0.168 | BB44: 0.178 | BC44: 0.17 | BD44: 0.164 | BE44: 0.154 | BF44: 0.158 | BG44: 0.162 | BH44: 0.148 | BI44: 0.146 | BJ44: 0.166 | BK44: 0.15 | BL44: 0.14 | BM44: 0.148 | BN44: 0.148 | BO44: 0.138 | BP44: 0.136 | BQ44: 0.124 | BR44: 0.154 | BS44: 0.144 | BT44: 0.154 | BU44: 0.136 | BV44: 0.162 | BW44: 0.152 | BX44: 0.162 | BY44: 0.148 | BZ44: 0.18 | CA44: 0.156 | CB44: 0.186 | CC44: 0.182 | CD44: 0.168 | CE44: 0.178 | CF44: 0.188 | CG44: 0.166 | CH44: 0.154 | CI44: 0.162 | CJ44: 0.174 | CK44: 0.18 | CL44: 0.174 | CM44: 0.132 | CN44: 0.134 | CO44: 0.166 | CP44: 0.172 | CQ44: 0.158 | CR44: 0.172 | CS44: 0.174 | CT44: 0.176 | CU44: 0.164 | CV44: 0.174 | CW44: 0.164 | CX44: 0.15 | CY44: 0.154 | CZ44: 0.152 | DA44: 0.156 | DB44: 0.138 | DC44: 0.164 | DD44: 0.184 | DE44: 0.184 | DF44: 0.168 | DG44: 0.156 | DH44: 0.16 | DI44: 0.178 | DJ44: 0.204 | DK44: 0.182 | DL44: 0.188 | DM44: 0.178 | DN44: 0.176 | DO44: 0.178 | DP44: 0.198 | DQ44: 0.204 | DR44: 0.206 | DS44: 0.174 | DT44: 0.204 | DU44: 0.218 | DV44: 0.23 | DW44: 0.22 | DX44: 0.19 | DY44: 0.186 | DZ44: 0.192 | EA44: 0.188 | EB44: 0.186 | EC44: 0.188 | ED44: 0.138 | EE44: 0.156 | EF44: 0.148 | EG44: 0.158 | EH44: 0.164 | EI44: 0.146 | EJ44: 0.142 | EK44: 0.158 | EL44: 0.158 | EM44: 0.136 | EN44: 0.124 | EO44: 0.112 | EP44: 0.158 | EQ44: 0.174 | ER44: 0.182 | ES44: 0.182 | ET44: 0.194 | EU44: 0.182 | EV44: 0.162 | EW44: 0.132 | EX44: 0.152 | FT44: =AVERAGE(G44:FR44) -> 0.16422973
A45: 4 | B45: o4 | C45: Final | D45: B | E45: F | F45: 140 | G45: 0.146 | H45: 0.11 | I45: 0.092 | J45: 0.096 | K45: 0.116 | L45: 0.122 | M45: 0.13 | N45: 0.12 | O45: 0.114 | P45: 0.118 | Q45: 0.142 | R45: 0.13 | S45: 0.134 | T45: 0.106 | U45: 0.118 | V45: 0.128 | W45: 0.102 | X45: 0.126 | Y45: 0.12 | Z45: 0.14 | AA45: 0.122 | AB45: 0.136 | AC45: 0.138 | AD45: 0.104 | AE45: 0.112 | AF45: 0.118 | AG45: 0.104 | AH45: 0.118 | AI45: 0.12 | AJ45: 0.136 | AK45: 0.112 | AL45: 0.132 | AM45: 0.116 | AN45: 0.122 | AO45: 0.124 | AP45: 0.11 | AQ45: 0.12 | AR45: 0.112 | AS45: 0.12 | AT45: 0.122 | AU45: 0.12 | AV45: 0.1 | AW45: 0.108 | AX45: 0.118 | AY45: 0.118 | AZ45: 0.112 | BA45: 0.128 | BB45: 0.128 | BC45: 0.092 | BD45: 0.118 | BE45: 0.108 | BF45: 0.108 | BG45: 0.106 | BH45: 0.116 | BI45: 0.102 | BJ45: 0.13 | BK45: 0.11 | BL45: 0.12 | BM45: 0.14 | BN45: 0.114 | BO45: 0.124 | BP45: 0.118 | BQ45: 0.094 | BR45: 0.086 | BS45: 0.102 | BT45: 0.11 | BU45: 0.106 | BV45: 0.108 | BW45: 0.102 | BX45: 0.1 | BY45: 0.076 | BZ45: 0.108 | CA45: 0.104 | CB45: 0.108 | CC45: 0.118 | CD45: 0.116 | CE45: 0.096 | CF45: 0.124 | CG45: 0.122 | CH45: 0.106 | CI45: 0.098 | CJ45: 0.116 | CK45: 0.1 | CL45: 0.1 | CM45: 0.11 | CN45: 0.12 | CO45: 0.128 | CP45: 0.108 | CQ45: 0.11 | CR45: 0.116 | CS45: 0.114 | CT45: 0.106 | CU45: 0.086 | CV45: 0.116 | CW45: 0.106 | CX45: 0.124 | CY45: 0.11 | CZ45: 0.112 | DA45: 0.102 | DB45: 0.08 | DC45: 0.108 | DD45: 0.096 | DE45: 0.11 | DF45: 0.11 | DG45: 0.11 | DH45: 0.092 | DI45: 0.104 | DJ45: 0.116 | DK45: 0.08 | DL45: 0.108 | DM45: 0.1 | DN45: 0.086 | DO45: 0.122 | DP45: 0.104 | DQ45: 0.134 | DR45: 0.13 | DS45: 0.098 | DT45: 0.116 | DU45: 0.126 | DV45: 0.094 | DW45: 0.11 | DX45: 0.1 | DY45: 0.106 | DZ45: 0.118 | EA45: 0.106 | EB45: 0.12 | EC45: 0.104 | ED45: 0.1 | EE45: 0.116 | EF45: 0.092 | EG45: 0.102 | EH45: 0.106 | EI45: 0.11 | EJ45: 0.108 | EK45: 0.102 | EL45: 0.13 | EM45: 0.096 | EN45: 0.11 | EO45: 0.106 | EP45: 0.122 | FT45: =AVERAGE(G45:FR45) -> 0.11215714
A46: 5 | B46: o5 | C46: Final | D46: J | E46: M | F46: 156 | G46: 0.18 | H46: 0.174 | I46: 0.164 | J46: 0.176 | K46: 0.166 | L46: 0.182 | M46: 0.162 | N46: 0.132 | O46: 0.152 | P46: 0.164 | Q46: 0.132 | R46: 0.132 | S46: 0.148 | T46: 0.156 | U46: 0.17 | V46: 0.142 | W46: 0.144 | X46: 0.16 | Y46: 0.118 | Z46: 0.158 | AA46: 0.126 | AB46: 0.18 | AC46: 0.162 | AD46: 0.142 | AE46: 0.168 | AF46: 0.128 | AG46: 0.15 | AH46: 0.152 | AI46: 0.172 | AJ46: 0.174 | AK46: 0.118 | AL46: 0.15 | AM46: 0.15 | AN46: 0.142 | AO46: 0.116 | AP46: 0.106 | AQ46: 0.114 | AR46: 0.152 | AS46: 0.122 | AT46: 0.134 | AU46: 0.106 | AV46: 0.114 | AW46: 0.076 | AX46: 0.122 | AY46: 0.134 | AZ46: 0.146 | BA46: 0.012 | BB46: 0.132 | BC46: 0.14 | BD46: 0.186 | BE46: 0.132 | BF46: 0.16 | BG46: 0.154 | BH46: 0.17 | BI46: 0.148 | BJ46: 0.164 | BK46: 0.136 | BL46: 0.176 | BM46: 0.164 | BN46: 0.176 | BO46: 0.174 | BP46: 0.172 | BQ46: 0.166 | BR46: 0.158 | BS46: 0.176 | BT46: 0.164 | BU46: 0.156 | BV46: 0.174 | BW46: 0.15 | BX46: 0.176 | BY46: 0.166 | BZ46: 0.156 | CA46: 0.142 | CB46: 0.152 | CC46: 0.1 | CD46: 0.146 | CE46: 0.146 | CF46: 0.162 | CG46: 0.156 | CH46: 0.148 | CI46: 0.104 | CJ46: 0.108 | CK46: 0.158 | CL46: 0.156 | CM46: 0.13 | CN46: 0.144 | CO46: 0.14 | CP46: 0.124 | CQ46: 0.138 | CR46: 0.13 | CS46: 0.102 | CT46: 0.108 | CU46: 0.114 | CV46: 0.136 | CW46: 0.138 | CX46: 0.124 | CY46: 0.104 | CZ46: 0.154 | DA46: 0.144 | DB46: 0.152 | DC46: 0.132 | DD46: 0.138 | DE46: 0.144 | DF46: 0.134 | DG46: 0.152 | DH46: 0.136 | DI46: 0.132 | DJ46: 0.136 | DK46: 0.138 | DL46: 0.122 | DM46: 0.134 | DN46: 0.094 | DO46: 0.11 | DP46: 0.142 | DQ46: 0.128 | DR46: 0.094 | DS46: 0.094 | DT46: 0.132 | DU46: 0.118 | DV46: 0.104 | DW46: 0.126 | DX46: 0.08 | DY46: 0.122 | DZ46: 0.044 | EA46: 0.102 | EB46: 0.044 | EC46: 0.112 | ED46: 0.098 | EE46: 0.126 | EF46: 0.086 | EG46: 0.128 | EH46: 0.124 | EI46: 0.108 | EJ46: 0.126 | EK46: 0.122 | EL46: 0.118 | EM46: 0.106 | EN46: 0.13 | EO46: 0.1 | EP46: 0.122 | EQ46: 0.132 | ER46: 0.114 | ES46: 0.126 | ET46: 0.12 | EU46: 0.112 | EV46: 0.122 | EW46: 0.126 | EX46: 0.128 | EY46: 0.112 | EZ46: 0.104 | FA46: 0.124 | FB46: 0.09 | FC46: 0.1 | FD46: 0.128 | FE46: 0.118 | FF46: 0.036 | FT46: =AVERAGE(G46:FR46) -> 0.13394872
A47: 6 | B47: o6 | C47: Final | D47: B | E47: M | F47: 130 | G47: 0.144 | H47: 0.186 | I47: 0.22 | J47: 0.218 | K47: 0.188 | L47: 0.204 | M47: 0.21 | N47: 0.228 | O47: 0.214 | P47: 0.22 | Q47: 0.214 | R47: 0.206 | S47: 0.196 | T47: 0.222 | U47: 0.218 | V47: 0.226 | W47: 0.232 | X47: 0.224 | Y47: 0.21 | Z47: 0.194 | AA47: 0.196 | AB47: 0.192 | AC47: 0.214 | AD47: 0.22 | AE47: 0.188 | AF47: 0.218 | AG47: 0.208 | AH47: 0.22 | AI47: 0.202 | AJ47: 0.236 | AK47: 0.216 | AL47: 0.194 | AM47: 0.218 | AN47: 0.224 | AO47: 0.244 | AP47: 0.226 | AQ47: 0.23 | AR47: 0.232 | AS47: 0.248 | AT47: 0.258 | AU47: 0.232 | AV47: 0.234 | AW47: 0.25 | AX47: 0.192 | AY47: 0.178 | AZ47: 0.154 | BA47: 0.158 | BB47: 0.144 | BC47: 0.176 | BD47: 0.174 | BE47: 0.172 | BF47: 0.174 | BG47: 0.178 | BH47: 0.178 | BI47: 0.202 | BJ47: 0.182 | BK47: 0.184 | BL47: 0.182 | BM47: 0.144 | BN47: 0.178 | BO47: 0.194 | BP47: 0.206 | BQ47: 0.2 | BR47: 0.198 | BS47: 0.184 | BT47: 0.128 | BU47: 0.166 | BV47: 0.198 | BW47: 0.192 | BX47: 0.174 | BY47: 0.16 | BZ47: 0.142 | CA47: 0.176 | CB47: 0.194 | CC47: 0.18 | CD47: 0.142 | CE47: 0.148 | CF47: 0.168 | CG47: 0.186 | CH47: 0.182 | CI47: 0.146 | CJ47: 0.16 | CK47: 0.16 | CL47: 0.148 | CM47: 0.144 | CN47: 0.174 | CO47: 0.18 | CP47: 0.208 | CQ47: 0.19 | CR47: 0.142 | CS47: 0.122 | CT47: 0.178 | CU47: 0.13 | CV47: 0.17 | CW47: 0.202 | CX47: 0.164 | CY47: 0.148 | CZ47: 0.15 | DA47: 0.16 | DB47: 0.176 | DC47: 0.162 | DD47: 0.152 | DE47: 0.136 | DF47: 0.174 | DG47: 0.174 | DH47: 0.162 | DI47: 0.194 | DJ47: 0.174 | DK47: 0.18 | DL47: 0.168 | DM47: 0.19 | DN47: 0.188 | DO47: 0.182 | DP47: 0.122 | DQ47: 0.158 | DR47: 0.186 | DS47: 0.172 | DT47: 0.17 | DU47: 0.178 | DV47: 0.148 | DW47: 0.196 | DX47: 0.172 | DY47: 0.172 | DZ47: 0.188 | EA47: 0.13 | EB47: 0.152 | EC47: 0.166 | ED47: 0.182 | EE47: 0.176 | EF47: 0.162 | FT47: =AVERAGE(G47:FR47) -> 0.18507692
A48: 7 | B48: o7 | C48: Final | D48: B | E48: M | F48: 168 | G48: 0.134 | H48: 0.098 | I48: 0.134 | J48: 0.156 | K48: 0.152 | L48: 0.164 | M48: 0.158 | N48: 0.162 | O48: 0.168 | P48: 0.146 | Q48: 0.152 | R48: 0.148 | S48: 0.158 | T48: 0.16 | U48: 0.164 | V48: 0.156 | W48: 0.174 | X48: 0.174 | Y48: 0.164 | Z48: 0.162 | AA48: 0.156 | AB48: 0.178 | AC48: 0.13 | AD48: 0.132 | AE48: 0.14 | AF48: 0.122 | AG48: 0.152 | AH48: 0.146 | AI48: 0.136 | AJ48: 0.146 | AK48: 0.14 | AL48: 0.126 | AM48: 0.142 | AN48: 0.136 | AO48: 0.164 | AP48: 0.158 | AQ48: 0.15 | AR48: 0.136 | AS48: 0.148 | AT48: 0.132 | AU48: 0.128 | AV48: 0.106 | AW48: 0.124 | AX48: 0.106 | AY48: 0.138 | AZ48: 0.124 | BA48: 0.144 | BB48: 0.128 | BC48: 0.13 | BD48: 0.11 | BE48: 0.114 | BF48: 0.112 | BG48: 0.082 | BH48: 0.128 | BI48: 0.144 | BJ48: 0.13 | BK48: 0.118 | BL48: 0.1 | BM48: 0.138 | BN48: 0.14 | BO48: 0.14 | BP48: 0.104 | BQ48: 0.12 | BR48: 0.138 | BS48: 0.108 | BT48: 0.16 | BU48: 0.118 | BV48: 0.126 | BW48: 0.13 | BX48: 0.15 | BY48: 0.144 | BZ48: 0.13 | CA48: 0.146 | CB48: 0.144 | CC48: 0.15 | CD48: 0.168 | CE48: 0.136 | CF48: 0.16 | CG48: 0.134 | CH48: 0.128 | CI48: 0.118 | CJ48: 0.094 | CK48: 0.1 | CL48: 0.122 | CM48: 0.142 | CN48: 0.106 | CO48: 0.13 | CP48: 0.13 | CQ48: 0.138 | CR48: 0.126 | CS48: 0.148 | CT48: 0.132 | CU48: 0.162 | CV48: 0.12 | CW48: 0.134 | CX48: 0.108 | CY48: 0.118 | CZ48: 0.12 | DA48: 0.104 | DB48: 0.124 | DC48: 0.16 | DD48: 0.136 | DE48: 0.1 | DF48: 0.136 | DG48: 0.14 | DH48: 0.12 | DI48: 0.126 | DJ48: 0.126 | DK48: 0.13 | DL48: 0.122 | DM48: 0.132 | DN48: 0.112 | DO48: 0.128 | DP48: 0.1 | DQ48: 0.114 | DR48: 0.108 | DS48: 0.128 | DT48: 0.136 | DU48: 0.176 | DV48: 0.16 | DW48: 0.142 | DX48: 0.112 | DY48: 0.122 | DZ48: 0.084 | EA48: 0.154 | EB48: 0.132 | EC48: 0.122 | ED48: 0.13 | EE48: 0.124 | EF48: 0.12 | EG48: 0.13 | EH48: 0.154 | EI48: 0.132 | EJ48: 0.136 | EK48: 0.108 | EL48: 0.136 | EM48: 0.12 | EN48: 0.126 | EO48: 0.112 | EP48: 0.1 | EQ48: 0.108 | ER48: 0.1 | ES48: 0.136 | ET48: 0.102 | EU48: 0.102 | EV48: 0.104 | EW48: 0.104 | EX48: 0.134 | EY48: 0.128 | EZ48: 0.126 | FA48: 0.128 | FB48: 0.1 | FC48: 0.13 | FD48: 0.12 | FE48: 0.134 | FF48: 0.116 | FG48: 0.138 | FH48: 0.136 | FI48: 0.092 | FJ48: 0.098 | FK48: 0.096 | FL48: 0.126 | FM48: 0.108 | FN48: 0.13 | FO48: 0.116 | FP48: 0.142 | FQ48: 0.126 | FR48: 0.118 | FT48: =AVERAGE(G48:FR48) -> 0.13090476
A49: 8 | B49: o8 | C49: Final | D49: B | E49: F | F49: 118 | G49: 0.196 | H49: 0.216 | I49: 0.238 | J49: 0.232 | K49: 0.25 | L49: 0.238 | M49: 0.214 | N49: 0.232 | O49: 0.22 | P49: 0.224 | Q49: 0.23 | R49: 0.216 | S49: 0.236 | T49: 0.224 | U49: 0.202 | V49: 0.212 | W49: 0.21 | X49: 0.21 | Y49: 0.202 | Z49: 0.194 | AA49: 0.204 | AB49: 0.212 | AC49: 0.198 | AD49: 0.188 | AE49: 0.2 | AF49: 0.202 | AG49: 0.202 | AH49: 0.184 | AI49: 0.2 | AJ49: 0.21 | AK49: 0.182 | AL49: 0.182 | AM49: 0.174 | AN49: 0.178 | AO49: 0.2 | AP49: 0.18 | AQ49: 0.17 | AR49: 0.188 | AS49: 0.166 | AT49: 0.18 | AU49: 0.186 | AV49: 0.186 | AW49: 0.18 | AX49: 0.174 | AY49: 0.186 | AZ49: 0.204 | BA49: 0.196 | BB49: 0.184 | BC49: 0.19 | BD49: 0.2 | BE49: 0.202 | BF49: 0.184 | BG49: 0.194 | BH49: 0.19 | BI49: 0.19 | BJ49: 0.168 | BK49: 0.172 | BL49: 0.186 | BM49: 0.172 | BN49: 0.182 | BO49: 0.19 | BP49: 0.188 | BQ49: 0.186 | BR49: 0.188 | BS49: 0.186 | BT49: 0.174 | BU49: 0.166 | BV49: 0.166 | BW49: 0.162 | BX49: 0.162 | BY49: 0.15 | BZ49: 0.142 | CA49: 0.17 | CB49: 0.154 | CC49: 0.176 | CD49: 0.166 | CE49: 0.172 | CF49: 0.172 | CG49: 0.172 | CH49: 0.172 | CI49: 0.17 | CJ49: 0.17 | CK49: 0.18 | CL49: 0.168 | CM49: 0.15 | CN49: 0.168 | CO49: 0.162 | CP49: 0.14 | CQ49: 0.14 | CR49: 0.138 | CS49: 0.156 | CT49: 0.168 | CU49: 0.17 | CV49: 0.178 | CW49: 0.15 | CX49: 0.142 | CY49: 0.134 | CZ49: 0.132 | DA49: 0.14 | DB49: 0.14 | DC49: 0.142 | DD49: 0.132 | DE49: 0.142 | DF49: 0.136 | DG49: 0.136 | DH49: 0.154 | DI49: 0.128 | DJ49: 0.13 | DK49: 0.138 | DL49: 0.11 | DM49: 0.11 | DN49: 0.124 | DO49: 0.13 | DP49: 0.136 | DQ49: 0.112 | DR49: 0.11 | DS49: 0.126 | DT49: 0.14 | FT49: =AVERAGE(G49:FR49) -> 0.176
A50: 9 | B50: o9 | C50: Final | D50: B | E50: M | F50: 117 | G50: 0.22 | H50: 0.236 | I50: 0.292 | J50: 0.268 | K50: 0.288 | L50: 0.288 | M50: 0.294 | N50: 0.29 | O50: 0.288 | P50: 0.296 | Q50: 0.256 | R50: 0.312 | S50: 0.338 | T50: 0.338 | U50: 0.306 | V50: 0.294 | W50: 0.304 | X50: 0.302 | Y50: 0.312 | Z50: 0.32 | AA50: 0.302 | AB50: 0.286 | AC50: 0.31 | AD50: 0.306 | AE50: 0.296 | AF50: 0.282 | AG50: 0.314 | AH50: 0.33 | AI50: 0.302 | AJ50: 0.308 | AK50: 0.306 | AL50: 0.296 | AM50: 0.292 | AN50: 0.296 | AO50: 0.27 | AP50: 0.274 | AQ50: 0.286 | AR50: 0.278 | AS50: 0.274 | AT50: 0.282 | AU50: 0.274 | AV50: 0.26 | AW50: 0.264 | AX50: 0.26 | AY50: 0.264 | AZ50: 0.278 | BA50: 0.28 | BB50: 0.314 | BC50: 0.298 | BD50: 0.28 | BE50: 0.266 | BF50: 0.25 | BG50: 0.27 | BH50: 0.266 | BI50: 0.222 | BJ50: 0.264 | BK50: 0.276 | BL50: 0.27 | BM50: 0.226 | BN50: 0.234 | BO50: 0.258 | BP50: 0.27 | BQ50: 0.27 | BR50: 0.27 | BS50: 0.272 | BT50: 0.288 | BU50: 0.264 | BV50: 0.268 | BW50: 0.282 | BX50: 0.27 | BY50: 0.288 | BZ50: 0.288 | CA50: 0.294 | CB50: 0.294 | CC50: 0.276 | CD50: 0.256 | CE50: 0.254 | CF50: 0.262 | CG50: 0.264 | CH50: 0.262 | CI50: 0.292 | CJ50: 0.294 | CK50: 0.344 | CL50: 0.314 | CM50: 0.282 | CN50: 0.294 | CO50: 0.274 | CP50: 0.28 | CQ50: 0.268 | CR50: 0.276 | CS50: 0.272 | CT50: 0.284 | CU50: 0.27 | CV50: 0.272 | CW50: 0.224 | CX50: 0.24 | CY50: 0.26 | CZ50: 0.262 | DA50: 0.246 | DB50: 0.24 | DC50: 0.214 | DD50: 0.246 | DE50: 0.258 | DF50: 0.264 | DG50: 0.25 | DH50: 0.252 | DI50: 0.268 | DJ50: 0.25 | DK50: 0.26 | DL50: 0.246 | DM50: 0.264 | DN50: 0.252 | DO50: 0.262 | DP50: 0.26 | DQ50: 0.282 | DR50: 0.268 | DS50: 0.256 | FT50: =AVERAGE(G50:FR50) -> 0.27639316
A51: 10 | B51: o10 | C51: Final | D51: J | E51: F | F51: 121 | G51: 0.186 | H51: 0.17 | I51: 0.166 | J51: 0.176 | K51: 0.194 | L51: 0.2 | M51: 0.182 | N51: 0.174 | O51: 0.192 | P51: 0.176 | Q51: 0.192 | R51: 0.196 | S51: 0.178 | T51: 0.198 | U51: 0.176 | V51: 0.184 | W51: 0.194 | X51: 0.176 | Y51: 0.15 | Z51: 0.162 | AA51: 0.142 | AB51: 0.174 | AC51: 0.178 | AD51: 0.174 | AE51: 0.154 | AF51: 0.194 | AG51: 0.192 | AH51: 0.184 | AI51: 0.156 | AJ51: 0.176 | AK51: 0.164 | AL51: 0.164 | AM51: 0.166 | AN51: 0.174 | AO51: 0.176 | AP51: 0.188 | AQ51: 0.18 | AR51: 0.176 | AS51: 0.176 | AT51: 0.178 | AU51: 0.194 | AV51: 0.168 | AW51: 0.182 | AX51: 0.188 | AY51: 0.186 | AZ51: 0.21 | BA51: 0.2 | BB51: 0.18 | BC51: 0.168 | BD51: 0.158 | BE51: 0.182 | BF51: 0.168 | BG51: 0.192 | BH51: 0.2 | BI51: 0.204 | BJ51: 0.19 | BK51: 0.19 | BL51: 0.178 | BM51: 0.15 | BN51: 0.162 | BO51: 0.16 | BP51: 0.156 | BQ51: 0.12 | BR51: 0.154 | BS51: 0.144 | BT51: 0.132 | BU51: 0.134 | BV51: 0.146 | BW51: 0.142 | BX51: 0.128 | BY51: 0.128 | BZ51: 0.116 | CA51: 0.148 | CB51: 0.148 | CC51: 0.15 | CD51: 0.124 | CE51: 0.144 | CF51: 0.136 | CG51: 0.142 | CH51: 0.142 | CI51: 0.116 | CJ51: 0.132 | CK51: 0.11 | CL51: 0.13 | CM51: 0.116 | CN51: 0.104 | CO51: 0.12 | CP51: 0.138 | CQ51: 0.14 | CR51: 0.146 | CS51: 0.142 | CT51: 0.146 | CU51: 0.128 | CV51: 0.134 | CW51: 0.122 | CX51: 0.132 | CY51: 0.15 | CZ51: 0.15 | DA51: 0.128 | DB51: 0.132 | DC51: 0.146 | DD51: 0.146 | DE51: 0.134 | DF51: 0.154 | DG51: 0.128 | DH51: 0.132 | DI51: 0.144 | DJ51: 0.14 | DK51: 0.13 | DL51: 0.046 | DM51: 0.108 | DN51: 0.12 | DO51: 0.118 | DP51: 0.12 | DQ51: 0.12 | DR51: 0.108 | DS51: 0.106 | DT51: 0.114 | DU51: 0.08 | DV51: 0.136 | DW51: 0.116 | FT51: =AVERAGE(G51:FR51) -> 0.15449587
A52: 11 | B52: o11 | C52: Final | D52: B | E52: F | F52: 116 | G52: 0.29 | H52: 0.302 | I52: 0.304 | J52: 0.264 | K52: 0.248 | L52: 0.29 | M52: 0.236 | N52: 0.25 | O52: 0.264 | P52: 0.29 | Q52: 0.274 | R52: 0.26 | S52: 0.24 | T52: 0.25 | U52: 0.246 | V52: 0.264 | W52: 0.262 | X52: 0.256 | Y52: 0.244 | Z52: 0.266 | AA52: 0.228 | AB52: 0.246 | AC52: 0.244 | AD52: 0.226 | AE52: 0.232 | AF52: 0.226 | AG52: 0.214 | AH52: 0.216 | AI52: 0.232 | AJ52: 0.232 | AK52: 0.204 | AL52: 0.24 | AM52: 0.22 | AN52: 0.234 | AO52: 0.208 | AP52: 0.216 | AQ52: 0.222 | AR52: 0.228 | AS52: 0.214 | AT52: 0.228 | AU52: 0.222 | AV52: 0.222 | AW52: 0.252 | AX52: 0.256 | AY52: 0.208 | AZ52: 0.228 | BA52: 0.224 | BB52: 0.234 | BC52: 0.222 | BD52: 0.234 | BE52: 0.236 | BF52: 0.202 | BG52: 0.23 | BH52: 0.238 | BI52: 0.226 | BJ52: 0.208 | BK52: 0.224 | BL52: 0.204 | BM52: 0.208 | BN52: 0.198 | BO52: 0.214 | BP52: 0.22 | BQ52: 0.208 | BR52: 0.19 | BS52: 0.198 | BT52: 0.196 | BU52: 0.218 | BV52: 0.198 | BW52: 0.212 | BX52: 0.212 | BY52: 0.214 | BZ52: 0.208 | CA52: 0.224 | CB52: 0.218 | CC52: 0.188 | CD52: 0.212 | CE52: 0.198 | CF52: 0.212 | CG52: 0.214 | CH52: 0.202 | CI52: 0.196 | CJ52: 0.192 | CK52: 0.204 | CL52: 0.202 | CM52: 0.204 | CN52: 0.198 | CO52: 0.196 | CP52: 0.208 | CQ52: 0.226 | CR52: 0.194 | CS52: 0.208 | CT52: 0.224 | CU52: 0.206 | CV52: 0.218 | CW52: 0.204 | CX52: 0.2 | CY52: 0.198 | CZ52: 0.204 | DA52: 0.188 | DB52: 0.178 | DC52: 0.208 | DD52: 0.206 | DE52: 0.2 | DF52: 0.208 | DG52: 0.194 | DH52: 0.202 | DI52: 0.218 | DJ52: 0.176 | DK52: 0.174 | DL52: 0.21 | DM52: 0.196 | DN52: 0.216 | DO52: 0.188 | DP52: 0.194 | DQ52: 0.19 | DR52: 0.182 | FT52: =AVERAGE(G52:FR52) -> 0.22113793
A53: 12 | B53: o12 | C53: Final | D53: B | E53: F | F53: 118 | G53: 0.022 | H53: 0.07 | I53: 0.056 | J53: 0.062 | K53: 0.048 | L53: 0.086 | M53: 0.058 | N53: 0.068 | O53: 0.074 | P53: 0.046 | Q53: 0.056 | R53: 0.086 | S53: 0.07 | T53: 0.078 | U53: 0.09 | V53: 0.088 | W53: 0.11 | X53: 0.094 | Y53: 0.056 | Z53: 0.08 | AA53: 0.098 | AB53: 0.096 | AC53: 0.086 | AD53: 0.074 | AE53: 0.07 | AF53: 0.1 | AG53: 0.094 | AH53: 0.08 | AI53: 0.064 | AJ53: 0.084 | AK53: 0.08 | AL53: 0.09 | AM53: 0.068 | AN53: 0.066 | AO53: 0.09 | AP53: 0.014 | AQ53: 0.07 | AR53: 0.082 | AS53: 0.082 | AT53: 0.052 | AU53: 0.08 | AV53: 0.07 | AW53: 0.064 | AX53: 0.082 | AY53: 0.076 | AZ53: 0.08 | BA53: 0.048 | BB53: 0.092 | BC53: 0.086 | BD53: 0.092 | BE53: 0.088 | BF53: 0.058 | BG53: 0.066 | BH53: 0.082 | BI53: 0.07 | BJ53: 0.056 | BK53: 0.072 | BL53: 0.022 | BM53: 0.1 | BN53: 0.086 | BO53: 0.066 | BP53: 0.05 | BQ53: 0.012 | BR53: 0.08 | BS53: 0.024 | BT53: 0.016 | BU53: 0.068 | BV53: 0.06 | BW53: 0.06 | BX53: 0.092 | BY53: 0.082 | BZ53: 0.084 | CA53: 0.048 | CB53: 0.088 | CC53: 0.058 | CD53: 0.058 | CE53: 0.078 | CF53: 0.07 | CG53: 0.058 | CH53: 0.028 | CI53: 0.034 | CJ53: 0.056 | CK53: 0.05 | CL53: 0.05 | CM53: 0.072 | CN53: 0.074 | CO53: 0.074 | CP53: 0.068 | CQ53: 0.042 | CR53: 0.064 | CS53: 0.046 | CT53: 0.08 | CU53: 0.052 | CV53: 0.032 | CW53: 0.07 | CX53: 0.068 | CY53: 0.028 | CZ53: 0.014 | DA53: 0.056 | DB53: 0.06 | DC53: 0.09 | DD53: 0.054 | DE53: 0.048 | DF53: 0.042 | DG53: 0.06 | DH53: 0.052 | DI53: 0.048 | DJ53: 0.03 | DK53: 0.026 | DL53: 0.05 | DM53: 0.056 | DN53: 0.026 | DO53: 0.046 | DP53: 0.012 | DQ53: 0.04 | DR53: 0.034 | DS53: 0.028 | DT53: 0.03 | FT53: =AVERAGE(G53:FR53) -> 0.063135593
A54: 13 | B54: o13 | C54: Final | D54: B | E54: M | F54: 157 | G54: 0.086 | H54: 0.058 | I54: 0.1 | J54: 0.12 | K54: 0.11 | L54: 0.104 | M54: 0.102 | N54: 0.1 | O54: 0.112 | P54: 0.102 | Q54: 0.11 | R54: 0.094 | S54: 0.098 | T54: 0.114 | U54: 0.142 | V54: 0.166 | W54: 0.166 | X54: 0.198 | Y54: 0.104 | Z54: 0.106 | AA54: 0.112 | AB54: 0.118 | AC54: 0.12 | AD54: 0.088 | AE54: 0.114 | AF54: 0.118 | AG54: 0.094 | AH54: 0.082 | AI54: 0.126 | AJ54: 0.134 | AK54: 0.13 | AL54: 0.132 | AM54: 0.162 | AN54: 0.166 | AO54: 0.136 | AP54: 0.118 | AQ54: 0.124 | AR54: 0.116 | AS54: 0.11 | AT54: 0.094 | AU54: 0.13 | AV54: 0.106 | AW54: 0.076 | AX54: 0.094 | AY54: 0.08 | AZ54: 0.088 | BA54: 0.09 | BB54: 0.098 | BC54: 0.114 | BD54: 0.108 | BE54: 0.126 | BF54: 0.094 | BG54: 0.056 | BH54: 0.076 | BI54: 0.09 | BJ54: 0.06 | BK54: 0.068 | BL54: 0.064 | BM54: 0.074 | BN54: 0.068 | BO54: 0.06 | BP54: 0.07 | BQ54: 0.082 | BR54: 0.08 | BS54: 0.07 | BT54: 0.094 | BU54: 0.11 | BV54: 0.084 | BW54: 0.09 | BX54: 0.108 | BY54: 0.076 | BZ54: 0.104 | CA54: 0.12 | CB54: 0.098 | CC54: 0.106 | CD54: 0.098 | CE54: 0.09 | CF54: 0.074 | CG54: 0.094 | CH54: 0.084 | CI54: 0.112 | CJ54: 0.128 | CK54: 0.128 | CL54: 0.12 | CM54: 0.11 | CN54: 0.118 | CO54: 0.068 | CP54: 0.082 | CQ54: 0.1 | CR54: 0.086 | CS54: 0.116 | CT54: 0.094 | CU54: 0.086 | CV54: 0.08 | CW54: 0.068 | CX54: 0.074 | CY54: 0.098 | CZ54: 0.1 | DA54: 0.076 | DB54: 0.106 | DC54: 0.084 | DD54: 0.072 | DE54: 0.096 | DF54: 0.082 | DG54: 0.068 | DH54: 0.12 | DI54: 0.054 | DJ54: 0.082 | DK54: 0.09 | DL54: 0.098 | DM54: 0.104 | DN54: 0.12 | DO54: 0.09 | DP54: 0.094 | DQ54: 0.112 | DR54: 0.12 | DS54: 0.102 | DT54: 0.102 | DU54: 0.106 | DV54: 0.112 | DW54: 0.088 | DX54: 0.096 | DY54: 0.096 | DZ54: 0.086 | EA54: 0.088 | EB54: 0.1 | EC54: 0.108 | ED54: 0.106 | EE54: 0.094 | EF54: 0.1 | EG54: 0.09 | EH54: 0.09 | EI54: 0.076 | EJ54: 0.092 | EK54: 0.092 | EL54: 0.096 | EM54: 0.064 | EN54: 0.106 | EO54: 0.086 | EP54: 0.086 | EQ54: 0.1 | ER54: 0.106 | ES54: 0.1 | ET54: 0.1 | EU54: 0.084 | EV54: 0.068 | EW54: 0.086 | EX54: 0.084 | EY54: 0.082 | EZ54: 0.09 | FA54: 0.092 | FB54: 0.102 | FC54: 0.08 | FD54: 0.094 | FE54: 0.086 | FF54: 0.078 | FG54: 0.064 | FT54: =AVERAGE(G54:FR54) -> 0.098292994
A55: 14 | B55: o14 | C55: Final | D55: B | E55: F | F55: 130 | G55: 0.216 | H55: 0.202 | I55: 0.23 | J55: 0.218 | K55: 0.244 | L55: 0.226 | M55: 0.236 | N55: 0.224 | O55: 0.234 | P55: 0.23 | Q55: 0.23 | R55: 0.25 | S55: 0.242 | T55: 0.23 | U55: 0.216 | V55: 0.228 | W55: 0.228 | X55: 0.216 | Y55: 0.232 | Z55: 0.222 | AA55: 0.224 | AB55: 0.208 | AC55: 0.188 | AD55: 0.196 | AE55: 0.208 | AF55: 0.214 | AG55: 0.208 | AH55: 0.202 | AI55: 0.204 | AJ55: 0.212 | AK55: 0.198 | AL55: 0.2 | AM55: 0.21 | AN55: 0.186 | AO55: 0.19 | AP55: 0.176 | AQ55: 0.196 | AR55: 0.184 | AS55: 0.192 | AT55: 0.196 | AU55: 0.186 | AV55: 0.198 | AW55: 0.17 | AX55: 0.186 | AY55: 0.176 | AZ55: 0.178 | BA55: 0.18 | BB55: 0.166 | BC55: 0.182 | BD55: 0.162 | BE55: 0.182 | BF55: 0.178 | BG55: 0.182 | BH55: 0.172 | BI55: 0.172 | BJ55: 0.186 | BK55: 0.18 | BL55: 0.184 | BM55: 0.168 | BN55: 0.178 | BO55: 0.19 | BP55: 0.188 | BQ55: 0.178 | BR55: 0.164 | BS55: 0.154 | BT55: 0.146 | BU55: 0.142 | BV55: 0.19 | BW55: 0.174 | BX55: 0.186 | BY55: 0.154 | BZ55: 0.144 | CA55: 0.164 | CB55: 0.168 | CC55: 0.166 | CD55: 0.168 | CE55: 0.174 | CF55: 0.182 | CG55: 0.182 | CH55: 0.182 | CI55: 0.176 | CJ55: 0.186 | CK55: 0.18 | CL55: 0.164 | CM55: 0.194 | CN55: 0.18 | CO55: 0.168 | CP55: 0.176 | CQ55: 0.164 | CR55: 0.18 | CS55: 0.186 | CT55: 0.164 | CU55: 0.17 | CV55: 0.18 | CW55: 0.186 | CX55: 0.174 | CY55: 0.176 | CZ55: 0.166 | DA55: 0.168 | DB55: 0.166 | DC55: 0.174 | DD55: 0.156 | DE55: 0.168 | DF55: 0.158 | DG55: 0.156 | DH55: 0.174 | DI55: 0.156 | DJ55: 0.154 | DK55: 0.16 | DL55: 0.166 | DM55: 0.184 | DN55: 0.158 | DO55: 0.146 | DP55: 0.17 | DQ55: 0.138 | DR55: 0.15 | DS55: 0.148 | DT55: 0.144 | DU55: 0.154 | DV55: 0.158 | DW55: 0.134 | DX55: 0.156 | DY55: 0.158 | DZ55: 0.162 | EA55: 0.166 | EB55: 0.15 | EC55: 0.154 | ED55: 0.162 | EE55: 0.144 | EF55: 0.138 | FT55: =AVERAGE(G55:FR55) -> 0.18236923
A56: 15 | B56: o15 | C56: Final | D56: B | E56: M | F56: 129 | G56: 0.142 | H56: 0.126 | I56: 0.14 | J56: 0.156 | K56: 0.148 | L56: 0.168 | M56: 0.128 | N56: 0.162 | O56: 0.148 | P56: 0.138 | Q56: 0.134 | R56: 0.12 | S56: 0.15 | T56: 0.128 | U56: 0.12 | V56: 0.134 | W56: 0.128 | X56: 0.15 | Y56: 0.13 | Z56: 0.152 | AA56: 0.16 | AB56: 0.182 | AC56: 0.156 | AD56: 0.15 | AE56: 0.128 | AF56: 0.142 | AG56: 0.152 | AH56: 0.154 | AI56: 0.158 | AJ56: 0.158 | AK56: 0.16 | AL56: 0.168 | AM56: 0.192 | AN56: 0.158 | AO56: 0.15 | AP56: 0.156 | AQ56: 0.152 | AR56: 0.152 | AS56: 0.154 | AT56: 0.13 | AU56: 0.144 | AV56: 0.128 | AW56: 0.152 | AX56: 0.16 | AY56: 0.148 | AZ56: 0.146 | BA56: 0.176 | BB56: 0.154 | BC56: 0.136 | BD56: 0.154 | BE56: 0.144 | BF56: 0.124 | BG56: 0.136 | BH56: 0.156 | BI56: 0.164 | BJ56: 0.144 | BK56: 0.13 | BL56: 0.152 | BM56: 0.144 | BN56: 0.126 | BO56: 0.15 | BP56: 0.132 | BQ56: 0.144 | BR56: 0.144 | BS56: 0.132 | BT56: 0.146 | BU56: 0.138 | BV56: 0.16 | BW56: 0.138 | BX56: 0.106 | BY56: 0.126 | BZ56: 0.13 | CA56: 0.13 | CB56: 0.128 | CC56: 0.156 | CD56: 0.142 | CE56: 0.124 | CF56: 0.116 | CG56: 0.132 | CH56: 0.13 | CI56: 0.124 | CJ56: 0.13 | CK56: 0.136 | CL56: 0.142 | CM56: 0.118 | CN56: 0.118 | CO56: 0.148 | CP56: 0.128 | CQ56: 0.162 | CR56: 0.096 | CS56: 0.128 | CT56: 0.132 | CU56: 0.138 | CV56: 0.106 | CW56: 0.142 | CX56: 0.138 | CY56: 0.108 | CZ56: 0.108 | DA56: 0.096 | DB56: 0.124 | DC56: 0.144 | DD56: 0.15 | DE56: 0.124 | DF56: 0.126 | DG56: 0.12 | DH56: 0.128 | DI56: 0.112 | DJ56: 0.122 | DK56: 0.13 | DL56: 0.128 | DM56: 0.136 | DN56: 0.136 | DO56: 0.116 | DP56: 0.118 | DQ56: 0.148 | DR56: 0.14 | DS56: 0.096 | DT56: 0.154 | DU56: 0.138 | DV56: 0.102 | DW56: 0.106 | DX56: 0.11 | DY56: 0.108 | DZ56: 0.13 | EA56: 0.124 | EB56: 0.07 | EC56: 0.128 | ED56: 0.12 | EE56: 0.096 | FT56: =AVERAGE(G56:FR56) -> 0.13657364
A57: 16 | B57: o16 | C57: Final | D57: J | E57: F | F57: 131 | G57: 0.202 | H57: 0.088 | I57: 0.222 | J57: 0.216 | K57: 0.212 | L57: 0.194 | M57: 0.19 | N57: 0.18 | O57: 0.202 | P57: 0.204 | Q57: 0.186 | R57: 0.194 | S57: 0.19 | T57: 0.192 | U57: 0.178 | V57: 0.172 | W57: 0.192 | X57: 0.176 | Y57: 0.178 | Z57: 0.158 | AA57: 0.176 | AB57: 0.162 | AC57: 0.19 | AD57: 0.15 | AE57: 0.166 | AF57: 0.178 | AG57: 0.178 | AH57: 0.154 | AI57: 0.166 | AJ57: 0.17 | AK57: 0.152 | AL57: 0.152 | AM57: 0.168 | AN57: 0.162 | AO57: 0.172 | AP57: 0.174 | AQ57: 0.168 | AR57: 0.162 | AS57: 0.156 | AT57: 0.166 | AU57: 0.164 | AV57: 0.166 | AW57: 0.15 | AX57: 0.154 | AY57: 0.148 | AZ57: 0.164 | BA57: 0.176 | BB57: 0.16 | BC57: 0.16 | BD57: 0.164 | BE57: 0.172 | BF57: 0.186 | BG57: 0.176 | BH57: 0.176 | BI57: 0.164 | BJ57: 0.154 | BK57: 0.168 | BL57: 0.162 | BM57: 0.174 | BN57: 0.16 | BO57: 0.142 | BP57: 0.146 | BQ57: 0.15 | BR57: 0.164 | BS57: 0.164 | BT57: 0.16 | BU57: 0.158 | BV57: 0.158 | BW57: 0.154 | BX57: 0.166 | BY57: 0.156 | BZ57: 0.146 | CA57: 0.146 | CB57: 0.156 | CC57: 0.16 | CD57: 0.156 | CE57: 0.156 | CF57: 0.154 | CG57: 0.168 | CH57: 0.158 | CI57: 0.136 | CJ57: 0.148 | CK57: 0.14 | CL57: 0.136 | CM57: 0.162 | CN57: 0.156 | CO57: 0.142 | CP57: 0.146 | CQ57: 0.156 | CR57: 0.132 | CS57: 0.144 | CT57: 0.134 | CU57: 0.134 | CV57: 0.132 | CW57: 0.128 | CX57: 0.13 | CY57: 0.122 | CZ57: 0.13 | DA57: 0.124 | DB57: 0.116 | DC57: 0.136 | DD57: 0.124 | DE57: 0.146 | DF57: 0.136 | DG57: 0.142 | DH57: 0.124 | DI57: 0.134 | DJ57: 0.144 | DK57: 0.124 | DL57: 0.136 | DM57: 0.13 | DN57: 0.132 | DO57: 0.144 | DP57: 0.124 | DQ57: 0.126 | DR57: 0.128 | DS57: 0.11 | DT57: 0.124 | DU57: 0.124 | DV57: 0.134 | DW57: 0.108 | DX57: 0.132 | DY57: 0.12 | DZ57: 0.13 | EA57: 0.118 | EB57: 0.132 | EC57: 0.1 | ED57: 0.118 | EE57: 0.102 | EF57: 0.09 | EG57: 0.112 | FT57: =AVERAGE(G57:FR57) -> 0.15340458
A58: 17 | B58: o17 | C58: Final | D58: J | E58: F | F58: 121 | G58: 0.258 | H58: 0.276 | I58: 0.272 | J58: 0.31 | K58: 0.302 | L58: 0.296 | M58: 0.296 | N58: 0.3 | O58: 0.308 | P58: 0.3 | Q58: 0.306 | R58: 0.286 | S58: 0.284 | T58: 0.27 | U58: 0.276 | V58: 0.294 | W58: 0.29 | X58: 0.326 | Y58: 0.322 | Z58: 0.316 | AA58: 0.312 | AB58: 0.286 | AC58: 0.268 | AD58: 0.288 | AE58: 0.272 | AF58: 0.286 | AG58: 0.296 | AH58: 0.284 | AI58: 0.282 | AJ58: 0.28 | AK58: 0.28 | AL58: 0.268 | AM58: 0.224 | AN58: 0.268 | AO58: 0.262 | AP58: 0.282 | AQ58: 0.262 | AR58: 0.224 | AS58: 0.204 | AT58: 0.202 | AU58: 0.254 | AV58: 0.236 | AW58: 0.232 | AX58: 0.222 | AY58: 0.236 | AZ58: 0.23 | BA58: 0.232 | BB58: 0.244 | BC58: 0.214 | BD58: 0.238 | BE58: 0.238 | BF58: 0.248 | BG58: 0.206 | BH58: 0.214 | BI58: 0.228 | BJ58: 0.226 | BK58: 0.202 | BL58: 0.212 | BM58: 0.238 | BN58: 0.228 | BO58: 0.208 | BP58: 0.214 | BQ58: 0.228 | BR58: 0.214 | BS58: 0.184 | BT58: 0.176 | BU58: 0.212 | BV58: 0.226 | BW58: 0.196 | BX58: 0.214 | BY58: 0.234 | BZ58: 0.224 | CA58: 0.216 | CB58: 0.246 | CC58: 0.258 | CD58: 0.238 | CE58: 0.238 | CF58: 0.232 | CG58: 0.238 | CH58: 0.222 | CI58: 0.214 | CJ58: 0.208 | CK58: 0.214 | CL58: 0.208 | CM58: 0.184 | CN58: 0.196 | CO58: 0.174 | CP58: 0.176 | CQ58: 0.204 | CR58: 0.174 | CS58: 0.204 | CT58: 0.184 | CU58: 0.164 | CV58: 0.162 | CW58: 0.2 | CX58: 0.19 | CY58: 0.204 | CZ58: 0.18 | DA58: 0.194 | DB58: 0.188 | DC58: 0.216 | DD58: 0.19 | DE58: 0.188 | DF58: 0.184 | DG58: 0.196 | DH58: 0.178 | DI58: 0.192 | DJ58: 0.174 | DK58: 0.166 | DL58: 0.184 | DM58: 0.172 | DN58: 0.174 | DO58: 0.186 | DP58: 0.184 | DQ58: 0.184 | DR58: 0.168 | DS58: 0.164 | DT58: 0.186 | DU58: 0.196 | DV58: 0.192 | DW58: 0.168 | FT58: =AVERAGE(G58:FR58) -> 0.23039669
A59: 18 | B59: o18 | C59: Final | D59: B | E59: M | F59: 134 | G59: 0.166 | H59: 0.2 | I59: 0.162 | J59: 0.192 | K59: 0.194 | L59: 0.192 | M59: 0.202 | N59: 0.166 | O59: 0.194 | P59: 0.178 | Q59: 0.182 | R59: 0.2 | S59: 0.192 | T59: 0.214 | U59: 0.21 | V59: 0.206 | W59: 0.218 | X59: 0.202 | Y59: 0.196 | Z59: 0.192 | AA59: 0.186 | AB59: 0.228 | AC59: 0.212 | AD59: 0.224 | AE59: 0.232 | AF59: 0.204 | AG59: 0.234 | AH59: 0.202 | AI59: 0.202 | AJ59: 0.21 | AK59: 0.184 | AL59: 0.202 | AM59: 0.21 | AN59: 0.212 | AO59: 0.22 | AP59: 0.216 | AQ59: 0.202 | AR59: 0.208 | AS59: 0.198 | AT59: 0.232 | AU59: 0.22 | AV59: 0.218 | AW59: 0.214 | AX59: 0.222 | AY59: 0.206 | AZ59: 0.196 | BA59: 0.208 | BB59: 0.198 | BC59: 0.176 | BD59: 0.22 | BE59: 0.204 | BF59: 0.212 | BG59: 0.206 | BH59: 0.21 | BI59: 0.23 | BJ59: 0.222 | BK59: 0.214 | BL59: 0.222 | BM59: 0.238 | BN59: 0.226 | BO59: 0.226 | BP59: 0.226 | BQ59: 0.216 | BR59: 0.222 | BS59: 0.208 | BT59: 0.218 | BU59: 0.186 | BV59: 0.21 | BW59: 0.194 | BX59: 0.204 | BY59: 0.212 | BZ59: 0.236 | CA59: 0.22 | CB59: 0.196 | CC59: 0.204 | CD59: 0.202 | CE59: 0.246 | CF59: 0.212 | CG59: 0.208 | CH59: 0.2 | CI59: 0.172 | CJ59: 0.182 | CK59: 0.168 | CL59: 0.186 | CM59: 0.176 | CN59: 0.202 | CO59: 0.206 | CP59: 0.178 | CQ59: 0.168 | CR59: 0.204 | CS59: 0.158 | CT59: 0.194 | CU59: 0.194 | CV59: 0.174 | CW59: 0.156 | CX59: 0.182 | CY59: 0.194 | CZ59: 0.194 | DA59: 0.182 | DB59: 0.176 | DC59: 0.164 | DD59: 0.172 | DE59: 0.196 | DF59: 0.16 | DG59: 0.156 | DH59: 0.19 | DI59: 0.184 | DJ59: 0.156 | DK59: 0.166 | DL59: 0.164 | DM59: 0.164 | DN59: 0.18 | DO59: 0.168 | DP59: 0.174 | DQ59: 0.156 | DR59: 0.178 | DS59: 0.19 | DT59: 0.202 | DU59: 0.206 | DV59: 0.202 | DW59: 0.196 | DX59: 0.186 | DY59: 0.158 | DZ59: 0.172 | EA59: 0.192 | EB59: 0.184 | EC59: 0.214 | ED59: 0.154 | EE59: 0.138 | EF59: 0.182 | EG59: 0.15 | EH59: 0.172 | EI59: 0.178 | EJ59: 0.162 | FT59: =AVERAGE(G59:FR59) -> 0.19549254
A60: 19 | B60: o19 | C60: Final | D60: B | E60: M | F60: 162 | G60: 0.078 | H60: 0.122 | I60: 0.106 | J60: 0.102 | K60: 0.122 | L60: 0.114 | M60: 0.102 | N60: 0.098 | O60: 0.128 | P60: 0.118 | Q60: 0.122 | R60: 0.104 | S60: 0.096 | T60: 0.12 | U60: 0.122 | V60: 0.112 | W60: 0.11 | X60: 0.062 | Y60: 0.102 | Z60: 0.074 | AA60: 0.102 | AB60: 0.09 | AC60: 0.1 | AD60: 0.102 | AE60: 0.108 | AF60: 0.098 | AG60: 0.082 | AH60: 0.09 | AI60: 0.1 | AJ60: 0.096 | AK60: 0.096 | AL60: 0.1 | AM60: 0.088 | AN60: 0.114 | AO60: 0.112 | AP60: 0.114 | AQ60: 0.128 | AR60: 0.112 | AS60: 0.098 | AT60: 0.104 | AU60: 0.092 | AV60: 0.098 | AW60: 0.088 | AX60: 0.108 | AY60: 0.096 | AZ60: 0.092 | BA60: 0.09 | BB60: 0.076 | BC60: 0.07 | BD60: 0.068 | BE60: 0.082 | BF60: 0.078 | BG60: 0.078 | BH60: 0.078 | BI60: 0.088 | BJ60: 0.072 | BK60: 0.074 | BL60: 0.07 | BM60: 0.064 | BN60: 0.086 | BO60: 0.078 | BP60: 0.036 | BQ60: 0.09 | BR60: 0.092 | BS60: 0.088 | BT60: 0.07 | BU60: 0.044 | BV60: 0.094 | BW60: 0.09 | BX60: 0.074 | BY60: 0.076 | BZ60: 0.074 | CA60: 0.068 | CB60: 0.01 | CC60: 0.062 | CD60: 0.07 | CE60: 0.088 | CF60: 0.096 | CG60: 0.066 | CH60: 0.104 | CI60: 0.074 | CJ60: 0.108 | CK60: 0.082 | CL60: 0.068 | CM60: 0.112 | CN60: 0.078 | CO60: 0.06 | CP60: 0.076 | CQ60: 0.064 | CR60: 0.074 | CS60: 0.086 | CT60: 0.064 | CU60: 0.064 | CV60: 0.09 | CW60: 0.09 | CX60: 0.09 | CY60: 0.074 | CZ60: 0.072 | DA60: 0.082 | DB60: 0.044 | DC60: 0.09 | DD60: 0.092 | DE60: 0.068 | DF60: 0.09 | DG60: 0.1 | DH60: 0.092 | DI60: 0.084 | DJ60: 0.064 | DK60: 0.066 | DL60: 0.084 | DM60: 0.078 | DN60: 0.046 | DO60: 0.088 | DP60: 0.074 | DQ60: 0.066 | DR60: 0.07 | DS60: 0.08 | DT60: 0.074 | DU60: 0.076 | DV60: 0.08 | DW60: 0.088 | DX60: 0.084 | DY60: 0.054 | DZ60: 0.094 | EA60: 0.058 | EB60: 0.07 | EC60: 0.064 | ED60: 0.062 | EE60: 0.072 | EF60: 0.07 | EG60: 0.048 | EH60: 0.084 | EI60: 0.054 | EJ60: 0.056 | EK60: 0.038 | EL60: 0.068 | EM60: 0.08 | EN60: 0.068 | EO60: 0.054 | EP60: 0.106 | EQ60: 0.07 | ER60: 0.072 | ES60: 0.056 | ET60: 0.04 | EU60: 0.052 | EV60: 0.082 | EW60: 0.07 | EX60: 0.032 | EY60: 0.042 | EZ60: 0.044 | FA60: 0.034 | FB60: 0.066 | FC60: 0.028 | FD60: 0.018 | FE60: 0.026 | FF60: 0.066 | FG60: 0.022 | FH60: 0.048 | FI60: 0.06 | FJ60: 0.072 | FK60: 0.066 | FL60: 0.074 | FT60: =AVERAGE(G60:FR60) -> 0.079580247
A61: 20 | B61: o20 | C61: Final | D61: J | E61: M | F61: 146 | G61: 0.146 | H61: 0.156 | I61: 0.188 | J61: 0.182 | K61: 0.18 | L61: 0.156 | M61: 0.162 | N61: 0.174 | O61: 0.188 | P61: 0.19 | Q61: 0.202 | R61: 0.196 | S61: 0.19 | T61: 0.206 | U61: 0.176 | V61: 0.176 | W61: 0.178 | X61: 0.206 | Y61: 0.15 | Z61: 0.134 | AA61: 0.178 | AB61: 0.19 | AC61: 0.176 | AD61: 0.172 | AE61: 0.134 | AF61: 0.178 | AG61: 0.176 | AH61: 0.158 | AI61: 0.154 | AJ61: 0.138 | AK61: 0.166 | AL61: 0.176 | AM61: 0.178 | AN61: 0.148 | AO61: 0.158 | AP61: 0.14 | AQ61: 0.172 | AR61: 0.152 | AS61: 0.15 | AT61: 0.154 | AU61: 0.104 | AV61: 0.126 | AW61: 0.16 | AX61: 0.134 | AY61: 0.12 | AZ61: 0.088 | BA61: 0.138 | BB61: 0.148 | BC61: 0.154 | BD61: 0.168 | BE61: 0.164 | BF61: 0.154 | BG61: 0.166 | BH61: 0.148 | BI61: 0.172 | BJ61: 0.142 | BK61: 0.158 | BL61: 0.156 | BM61: 0.138 | BN61: 0.132 | BO61: 0.138 | BP61: 0.138 | BQ61: 0.15 | BR61: 0.14 | BS61: 0.13 | BT61: 0.132 | BU61: 0.144 | BV61: 0.126 | BW61: 0.102 | BX61: 0.138 | BY61: 0.128 | BZ61: 0.114 | CA61: 0.132 | CB61: 0.116 | CC61: 0.154 | CD61: 0.148 | CE61: 0.1 | CF61: 0.114 | CG61: 0.148 | CH61: 0.13 | CI61: 0.124 | CJ61: 0.126 | CK61: 0.116 | CL61: 0.098 | CM61: 0.102 | CN61: 0.146 | CO61: 0.122 | CP61: 0.132 | CQ61: 0.13 | CR61: 0.132 | CS61: 0.106 | CT61: 0.116 | CU61: 0.134 | CV61: 0.11 | CW61: 0.126 | CX61: 0.112 | CY61: 0.122 | CZ61: 0.082 | DA61: 0.09 | DB61: 0.104 | DC61: 0.09 | DD61: 0.086 | DE61: 0.114 | DF61: 0.062 | DG61: 0.128 | DH61: 0.114 | DI61: 0.084 | DJ61: 0.028 | DK61: 0.146 | DL61: 0.082 | DM61: 0.132 | DN61: 0.106 | DO61: 0.116 | DP61: 0.134 | DQ61: 0.15 | DR61: 0.124 | DS61: 0.116 | DT61: 0.094 | DU61: 0.074 | DV61: 0.112 | DW61: 0.104 | DX61: 0.108 | DY61: 0.14 | DZ61: 0.12 | EA61: 0.126 | EB61: 0.114 | EC61: 0.05 | ED61: 0.114 | EE61: 0.056 | EF61: 0.144 | EG61: 0.104 | EH61: 0.152 | EI61: 0.066 | EJ61: 0.112 | EK61: 0.106 | EL61: 0.12 | EM61: 0.044 | EN61: 0.082 | EO61: 0.164 | EP61: 0.154 | EQ61: 0.08 | ER61: 0.058 | ES61: 0.138 | ET61: 0.114 | EU61: 0.106 | EV61: 0.092 | FT61: =AVERAGE(G61:FR61) -> 0.13332877
A62: 21 | B62: o21 | C62: Final | D62: B | E62: F | F62: 136 | G62: 0.186 | H62: 0.17 | I62: 0.184 | J62: 0.178 | K62: 0.176 | L62: 0.154 | M62: 0.204 | N62: 0.152 | O62: 0.142 | P62: 0.164 | Q62: 0.124 | R62: 0.16 | S62: 0.148 | T62: 0.154 | U62: 0.118 | V62: 0.12 | W62: 0.124 | X62: 0.148 | Y62: 0.13 | Z62: 0.152 | AA62: 0.126 | AB62: 0.11 | AC62: 0.142 | AD62: 0.128 | AE62: 0.15 | AF62: 0.134 | AG62: 0.126 | AH62: 0.11 | AI62: 0.14 | AJ62: 0.074 | AK62: 0.134 | AL62: 0.126 | AM62: 0.146 | AN62: 0.15 | AO62: 0.128 | AP62: 0.158 | AQ62: 0.158 | AR62: 0.17 | AS62: 0.154 | AT62: 0.144 | AU62: 0.142 | AV62: 0.164 | AW62: 0.156 | AX62: 0.148 | AY62: 0.118 | AZ62: 0.134 | BA62: 0.114 | BB62: 0.142 | BC62: 0.144 | BD62: 0.158 | BE62: 0.142 | BF62: 0.15 | BG62: 0.126 | BH62: 0.146 | BI62: 0.16 | BJ62: 0.16 | BK62: 0.154 | BL62: 0.15 | BM62: 0.144 | BN62: 0.164 | BO62: 0.166 | BP62: 0.132 | BQ62: 0.13 | BR62: 0.154 | BS62: 0.116 | BT62: 0.132 | BU62: 0.178 | BV62: 0.154 | BW62: 0.152 | BX62: 0.13 | BY62: 0.14 | BZ62: 0.116 | CA62: 0.126 | CB62: 0.09 | CC62: 0.118 | CD62: 0.146 | CE62: 0.13 | CF62: 0.162 | CG62: 0.134 | CH62: 0.152 | CI62: 0.15 | CJ62: 0.132 | CK62: 0.114 | CL62: 0.132 | CM62: 0.15 | CN62: 0.128 | CO62: 0.118 | CP62: 0.106 | CQ62: 0.126 | CR62: 0.116 | CS62: 0.108 | CT62: 0.132 | CU62: 0.12 | CV62: 0.11 | CW62: 0.13 | CX62: 0.136 | CY62: 0.132 | CZ62: 0.162 | DA62: 0.138 | DB62: 0.152 | DC62: 0.144 | DD62: 0.13 | DE62: 0.136 | DF62: 0.134 | DG62: 0.132 | DH62: 0.118 | DI62: 0.132 | DJ62: 0.126 | DK62: 0.134 | DL62: 0.122 | DM62: 0.124 | DN62: 0.098 | DO62: 0.12 | DP62: 0.14 | DQ62: 0.118 | DR62: 0.15 | DS62: 0.104 | DT62: 0.122 | DU62: 0.114 | DV62: 0.08 | DW62: 0.088 | DX62: 0.06 | DY62: 0.126 | DZ62: 0.116 | EA62: 0.106 | EB62: 0.096 | EC62: 0.118 | ED62: 0.134 | EE62: 0.12 | EF62: 0.092 | EG62: 0.116 | EH62: 0.106 | EI62: 0.066 | EJ62: 0.062 | EK62: 0.12 | EL62: 0.092 | FT62: =AVERAGE(G62:FR62) -> 0.13351471
A63: 22 | B63: o22 | C63: Final | D63: B | E63: F | F63: 133 | G63: 0.044 | H63: 0.094 | I63: 0.09 | J63: 0.096 | K63: 0.112 | L63: 0.09 | M63: 0.11 | N63: 0.118 | O63: 0.106 | P63: 0.116 | Q63: 0.124 | R63: 0.122 | S63: 0.134 | T63: 0.142 | U63: 0.106 | V63: 0.12 | W63: 0.098 | X63: 0.11 | Y63: 0.102 | Z63: 0.112 | AA63: 0.112 | AB63: 0.112 | AC63: 0.128 | AD63: 0.11 | AE63: 0.1 | AF63: 0.112 | AG63: 0.108 | AH63: 0.084 | AI63: 0.088 | AJ63: 0.11 | AK63: 0.092 | AL63: 0.066 | AM63: 0.084 | AN63: 0.108 | AO63: 0.09 | AP63: 0.11 | AQ63: 0.102 | AR63: 0.118 | AS63: 0.126 | AT63: 0.134 | AU63: 0.106 | AV63: 0.136 | AW63: 0.12 | AX63: 0.108 | AY63: 0.11 | AZ63: 0.136 | BA63: 0.108 | BB63: 0.112 | BC63: 0.124 | BD63: 0.118 | BE63: 0.122 | BF63: 0.126 | BG63: 0.136 | BH63: 0.134 | BI63: 0.152 | BJ63: 0.14 | BK63: 0.098 | BL63: 0.112 | BM63: 0.14 | BN63: 0.124 | BO63: 0.128 | BP63: 0.106 | BQ63: 0.122 | BR63: 0.122 | BS63: 0.124 | BT63: 0.134 | BU63: 0.16 | BV63: 0.108 | BW63: 0.114 | BX63: 0.116 | BY63: 0.12 | BZ63: 0.108 | CA63: 0.12 | CB63: 0.116 | CC63: 0.134 | CD63: 0.13 | CE63: 0.108 | CF63: 0.118 | CG63: 0.134 | CH63: 0.13 | CI63: 0.098 | CJ63: 0.128 | CK63: 0.122 | CL63: 0.116 | CM63: 0.132 | CN63: 0.132 | CO63: 0.118 | CP63: 0.136 | CQ63: 0.138 | CR63: 0.138 | CS63: 0.14 | CT63: 0.142 | CU63: 0.11 | CV63: 0.106 | CW63: 0.104 | CX63: 0.116 | CY63: 0.096 | CZ63: 0.11 | DA63: 0.088 | DB63: 0.126 | DC63: 0.126 | DD63: 0.122 | DE63: 0.096 | DF63: 0.116 | DG63: 0.138 | DH63: 0.142 | DI63: 0.024 | DJ63: 0.092 | DK63: 0.128 | DL63: 0.132 | DM63: 0.088 | DN63: 0.118 | DO63: 0.098 | DP63: 0.102 | DQ63: 0.114 | DR63: 0.082 | DS63: 0.102 | DT63: 0.126 | DU63: 0.116 | DV63: 0.104 | DW63: 0.12 | DX63: 0.132 | DY63: 0.142 | DZ63: 0.12 | EA63: 0.13 | EB63: 0.06 | EC63: 0.114 | ED63: 0.12 | EE63: 0.102 | EF63: 0.094 | EG63: 0.08 | EH63: 0.096 | EI63: 0.068 | FT63: =AVERAGE(G63:FR63) -> 0.11348872
A64: 23 | B64: o23 | C64: Final | D64: J | E64: M | F64: 114 | G64: 0.226 | H64: 0.282 | I64: 0.292 | J64: 0.322 | K64: 0.294 | L64: 0.296 | M64: 0.286 | N64: 0.282 | O64: 0.296 | P64: 0.282 | Q64: 0.272 | R64: 0.27 | S64: 0.306 | T64: 0.284 | U64: 0.274 | V64: 0.244 | W64: 0.28 | X64: 0.306 | Y64: 0.248 | Z64: 0.24 | AA64: 0.266 | AB64: 0.246 | AC64: 0.276 | AD64: 0.268 | AE64: 0.232 | AF64: 0.284 | AG64: 0.294 | AH64: 0.284 | AI64: 0.26 | AJ64: 0.254 | AK64: 0.26 | AL64: 0.278 | AM64: 0.264 | AN64: 0.27 | AO64: 0.224 | AP64: 0.296 | AQ64: 0.248 | AR64: 0.24 | AS64: 0.26 | AT64: 0.29 | AU64: 0.326 | AV64: 0.326 | AW64: 0.298 | AX64: 0.338 | AY64: 0.362 | AZ64: 0.34 | BA64: 0.352 | BB64: 0.312 | BC64: 0.29 | BD64: 0.276 | BE64: 0.27 | BF64: 0.268 | BG64: 0.324 | BH64: 0.268 | BI64: 0.272 | BJ64: 0.284 | BK64: 0.302 | BL64: 0.288 | BM64: 0.294 | BN64: 0.338 | BO64: 0.282 | BP64: 0.288 | BQ64: 0.266 | BR64: 0.284 | BS64: 0.334 | BT64: 0.314 | BU64: 0.3 | BV64: 0.348 | BW64: 0.352 | BX64: 0.306 | BY64: 0.312 | BZ64: 0.31 | CA64: 0.342 | CB64: 0.314 | CC64: 0.328 | CD64: 0.286 | CE64: 0.314 | CF64: 0.302 | CG64: 0.294 | CH64: 0.326 | CI64: 0.296 | CJ64: 0.312 | CK64: 0.366 | CL64: 0.336 | CM64: 0.31 | CN64: 0.312 | CO64: 0.3 | CP64: 0.278 | CQ64: 0.294 | CR64: 0.35 | CS64: 0.304 | CT64: 0.3 | CU64: 0.292 | CV64: 0.302 | CW64: 0.3 | CX64: 0.28 | CY64: 0.286 | CZ64: 0.316 | DA64: 0.046 | DB64: 0.374 | DC64: 0.378 | DD64: 0.372 | DE64: 0.342 | DF64: 0.318 | DG64: 0.318 | DH64: 0.318 | DI64: 0.306 | DJ64: 0.31 | DK64: 0.262 | DL64: 0.288 | DM64: 0.294 | DN64: 0.318 | DO64: 0.36 | DP64: 0.366 | FT64: =AVERAGE(G64:FR64) -> 0.29570175
A65: 24 | B65: o24 | C65: Final | D65: J | E65: M | F65: 131 | G65: 0.2 | H65: 0.262 | I65: 0.254 | J65: 0.28 | K65: 0.266 | L65: 0.26 | M65: 0.238 | N65: 0.26 | O65: 0.27 | P65: 0.268 | Q65: 0.236 | R65: 0.256 | S65: 0.25 | T65: 0.268 | U65: 0.26 | V65: 0.252 | W65: 0.258 | X65: 0.274 | Y65: 0.27 | Z65: 0.272 | AA65: 0.258 | AB65: 0.226 | AC65: 0.246 | AD65: 0.286 | AE65: 0.324 | AF65: 0.326 | AG65: 0.336 | AH65: 0.326 | AI65: 0.348 | AJ65: 0.336 | AK65: 0.338 | AL65: 0.37 | AM65: 0.35 | AN65: 0.328 | AO65: 0.29 | AP65: 0.352 | AQ65: 0.312 | AR65: 0.24 | AS65: 0.26 | AT65: 0.264 | AU65: 0.228 | AV65: 0.188 | AW65: 0.162 | AX65: 0.144 | AY65: 0.14 | AZ65: 0.17 | BA65: 0.184 | BB65: 0.192 | BC65: 0.2 | BD65: 0.182 | BE65: 0.196 | BF65: 0.188 | BG65: 0.176 | BH65: 0.198 | BI65: 0.232 | BJ65: 0.212 | BK65: 0.226 | BL65: 0.232 | BM65: 0.242 | BN65: 0.214 | BO65: 0.232 | BP65: 0.232 | BQ65: 0.228 | BR65: 0.246 | BS65: 0.23 | BT65: 0.258 | BU65: 0.232 | BV65: 0.25 | BW65: 0.278 | BX65: 0.24 | BY65: 0.246 | BZ65: 0.228 | CA65: 0.244 | CB65: 0.21 | CC65: 0.246 | CD65: 0.214 | CE65: 0.234 | CF65: 0.248 | CG65: 0.23 | CH65: 0.242 | CI65: 0.26 | CJ65: 0.23 | CK65: 0.226 | CL65: 0.258 | CM65: 0.192 | CN65: 0.228 | CO65: 0.198 | CP65: 0.208 | CQ65: 0.198 | CR65: 0.236 | CS65: 0.246 | CT65: 0.264 | CU65: 0.244 | CV65: 0.274 | CW65: 0.272 | CX65: 0.264 | CY65: 0.276 | CZ65: 0.262 | DA65: 0.244 | DB65: 0.23 | DC65: 0.254 | DD65: 0.212 | DE65: 0.186 | DF65: 0.258 | DG65: 0.24 | DH65: 0.218 | DI65: 0.23 | DJ65: 0.248 | DK65: 0.18 | DL65: 0.228 | DM65: 0.23 | DN65: 0.238 | DO65: 0.206 | DP65: 0.224 | DQ65: 0.212 | DR65: 0.206 | DS65: 0.22 | DT65: 0.23 | DU65: 0.228 | DV65: 0.218 | DW65: 0.212 | DX65: 0.228 | DY65: 0.202 | DZ65: 0.192 | EA65: 0.23 | EB65: 0.22 | EC65: 0.22 | ED65: 0.21 | EE65: 0.16 | EF65: 0.224 | EG65: 0.21 | FT65: =AVERAGE(G65:FR65) -> 0.24067176
A66: 25 | B66: o25 | C66: Final | D66: J | E66: M | F66: 136 | G66: 0.202 | H66: 0.226 | I66: 0.206 | J66: 0.232 | K66: 0.198 | L66: 0.25 | M66: 0.212 | N66: 0.194 | O66: 0.192 | P66: 0.188 | Q66: 0.22 | R66: 0.206 | S66: 0.204 | T66: 0.2 | U66: 0.2 | V66: 0.27 | W66: 0.202 | X66: 0.162 | Y66: 0.106 | Z66: 0.106 | AA66: 0.11 | AB66: 0.086 | AC66: 0.092 | AD66: 0.144 | AE66: 0.21 | AF66: 0.194 | AG66: 0.178 | AH66: 0.164 | AI66: 0.168 | AJ66: 0.17 | AK66: 0.164 | AL66: 0.154 | AM66: 0.128 | AN66: 0.162 | AO66: 0.206 | AP66: 0.226 | AQ66: 0.11 | AR66: 0.096 | AS66: 0.14 | AT66: 0.122 | AU66: 0.138 | AV66: 0.122 | AW66: 0.142 | AX66: 0.114 | AY66: 0.156 | AZ66: 0.136 | BA66: 0.144 | BB66: 0.16 | BC66: 0.168 | BD66: 0.19 | BE66: 0.172 | BF66: 0.206 | BG66: 0.142 | BH66: 0.116 | BI66: 0.076 | BJ66: 0.15 | BK66: 0.18 | BL66: 0.234 | BM66: 0.248 | BN66: 0.214 | BO66: 0.244 | BP66: 0.242 | BQ66: 0.196 | BR66: 0.15 | BS66: 0.134 | BT66: 0.066 | BU66: 0.154 | BV66: 0.23 | BW66: 0.164 | BX66: 0.15 | BY66: 0.162 | BZ66: 0.184 | CA66: 0.226 | CB66: 0.188 | CC66: 0.138 | CD66: 0.108 | CE66: 0.13 | CF66: 0.142 | CG66: 0.206 | CH66: 0.24 | CI66: 0.204 | CJ66: 0.206 | CK66: 0.204 | CL66: 0.194 | CM66: 0.154 | CN66: 0.096 | CO66: 0.154 | CP66: 0.208 | CQ66: 0.204 | CR66: 0.204 | CS66: 0.204 | CT66: 0.154 | CU66: 0.1 | CV66: 0.146 | CW66: 0.156 | CX66: 0.212 | CY66: 0.23 | CZ66: 0.166 | DA66: 0.138 | DB66: 0.164 | DC66: 0.128 | DD66: 0.134 | DE66: 0.176 | DF66: 0.228 | DG66: 0.196 | DH66: 0.18 | DI66: 0.228 | DJ66: 0.148 | DK66: 0.15 | DL66: 0.16 | DM66: 0.194 | DN66: 0.198 | DO66: 0.202 | DP66: 0.216 | DQ66: 0.228 | DR66: 0.208 | DS66: 0.196 | DT66: 0.19 | DU66: 0.192 | DV66: 0.164 | DW66: 0.126 | DX66: 0.122 | DY66: 0.18 | DZ66: 0.238 | EA66: 0.224 | EB66: 0.198 | EC66: 0.208 | ED66: 0.178 | EE66: 0.192 | EF66: 0.184 | EG66: 0.188 | EH66: 0.192 | EI66: 0.214 | EJ66: 0.22 | EK66: 0.184 | EL66: 0.186 | FT66: =AVERAGE(G66:FR66) -> 0.17580882
A67: 26 | B67: o26 | C67: Final | D67: B | E67: M | F67: 117 | G67: 0.166 | H67: 0.202 | I67: 0.17 | J67: 0.198 | K67: 0.174 | L67: 0.156 | M67: 0.25 | N67: 0.268 | O67: 0.258 | P67: 0.228 | Q67: 0.206 | R67: 0.196 | S67: 0.174 | T67: 0.196 | U67: 0.222 | V67: 0.214 | W67: 0.214 | X67: 0.182 | Y67: 0.216 | Z67: 0.21 | AA67: 0.158 | AB67: 0.17 | AC67: 0.182 | AD67: 0.166 | AE67: 0.19 | AF67: 0.21 | AG67: 0.246 | AH67: 0.234 | AI67: 0.236 | AJ67: 0.228 | AK67: 0.226 | AL67: 0.236 | AM67: 0.236 | AN67: 0.228 | AO67: 0.252 | AP67: 0.244 | AQ67: 0.254 | AR67: 0.248 | AS67: 0.258 | AT67: 0.24 | AU67: 0.232 | AV67: 0.216 | AW67: 0.228 | AX67: 0.198 | AY67: 0.2 | AZ67: 0.224 | BA67: 0.208 | BB67: 0.23 | BC67: 0.234 | BD67: 0.228 | BE67: 0.228 | BF67: 0.222 | BG67: 0.22 | BH67: 0.214 | BI67: 0.21 | BJ67: 0.2 | BK67: 0.218 | BL67: 0.21 | BM67: 0.214 | BN67: 0.192 | BO67: 0.212 | BP67: 0.224 | BQ67: 0.212 | BR67: 0.23 | BS67: 0.222 | BT67: 0.212 | BU67: 0.202 | BV67: 0.204 | BW67: 0.21 | BX67: 0.216 | BY67: 0.198 | BZ67: 0.182 | CA67: 0.194 | CB67: 0.192 | CC67: 0.216 | CD67: 0.22 | CE67: 0.208 | CF67: 0.2 | CG67: 0.206 | CH67: 0.19 | CI67: 0.188 | CJ67: 0.168 | CK67: 0.192 | CL67: 0.216 | CM67: 0.236 | CN67: 0.224 | CO67: 0.228 | CP67: 0.206 | CQ67: 0.194 | CR67: 0.202 | CS67: 0.168 | CT67: 0.184 | CU67: 0.196 | CV67: 0.226 | CW67: 0.226 | CX67: 0.214 | CY67: 0.184 | CZ67: 0.198 | DA67: 0.198 | DB67: 0.192 | DC67: 0.078 | DD67: 0.144 | DE67: 0.192 | DF67: 0.172 | DG67: 0.206 | DH67: 0.184 | DI67: 0.178 | DJ67: 0.184 | DK67: 0.178 | DL67: 0.198 | DM67: 0.204 | DN67: 0.172 | DO67: 0.164 | DP67: 0.192 | DQ67: 0.192 | DR67: 0.196 | DS67: 0.19 | FT67: =AVERAGE(G67:FR67) -> 0.20582906
A68: 27 | B68: o27 | C68: Final | D68: B | E68: M | F68: 131 | G68: 0.134 | H68: 0.16 | I68: 0.16 | J68: 0.18 | K68: 0.186 | L68: 0.198 | M68: 0.214 | N68: 0.218 | O68: 0.212 | P68: 0.208 | Q68: 0.204 | R68: 0.21 | S68: 0.206 | T68: 0.208 | U68: 0.22 | V68: 0.202 | W68: 0.2 | X68: 0.204 | Y68: 0.178 | Z68: 0.206 | AA68: 0.174 | AB68: 0.192 | AC68: 0.194 | AD68: 0.196 | AE68: 0.202 | AF68: 0.18 | AG68: 0.176 | AH68: 0.168 | AI68: 0.17 | AJ68: 0.192 | AK68: 0.174 | AL68: 0.164 | AM68: 0.168 | AN68: 0.164 | AO68: 0.18 | AP68: 0.16 | AQ68: 0.144 | AR68: 0.188 | AS68: 0.192 | AT68: 0.152 | AU68: 0.148 | AV68: 0.182 | AW68: 0.178 | AX68: 0.176 | AY68: 0.184 | AZ68: 0.182 | BA68: 0.168 | BB68: 0.2 | BC68: 0.188 | BD68: 0.194 | BE68: 0.17 | BF68: 0.206 | BG68: 0.214 | BH68: 0.21 | BI68: 0.2 | BJ68: 0.184 | BK68: 0.198 | BL68: 0.182 | BM68: 0.192 | BN68: 0.186 | BO68: 0.18 | BP68: 0.186 | BQ68: 0.17 | BR68: 0.15 | BS68: 0.19 | BT68: 0.176 | BU68: 0.194 | BV68: 0.176 | BW68: 0.18 | BX68: 0.198 | BY68: 0.204 | BZ68: 0.182 | CA68: 0.168 | CB68: 0.194 | CC68: 0.178 | CD68: 0.178 | CE68: 0.176 | CF68: 0.172 | CG68: 0.194 | CH68: 0.184 | CI68: 0.172 | CJ68: 0.178 | CK68: 0.19 | CL68: 0.188 | CM68: 0.194 | CN68: 0.186 | CO68: 0.188 | CP68: 0.186 | CQ68: 0.18 | CR68: 0.19 | CS68: 0.192 | CT68: 0.188 | CU68: 0.178 | CV68: 0.166 | CW68: 0.156 | CX68: 0.174 | CY68: 0.188 | CZ68: 0.176 | DA68: 0.184 | DB68: 0.168 | DC68: 0.152 | DD68: 0.168 | DE68: 0.178 | DF68: 0.164 | DG68: 0.22 | DH68: 0.222 | DI68: 0.198 | DJ68: 0.192 | DK68: 0.198 | DL68: 0.198 | DM68: 0.194 | DN68: 0.184 | DO68: 0.19 | DP68: 0.214 | DQ68: 0.194 | DR68: 0.184 | DS68: 0.176 | DT68: 0.18 | DU68: 0.17 | DV68: 0.182 | DW68: 0.186 | DX68: 0.192 | DY68: 0.164 | DZ68: 0.192 | EA68: 0.182 | EB68: 0.194 | EC68: 0.182 | ED68: 0.188 | EE68: 0.174 | EF68: 0.178 | EG68: 0.176 | FT68: =AVERAGE(G68:FR68) -> 0.18471756
A69: 28 | B69: o28 | C69: Final | D69: J | E69: M | F69: 129 | G69: 0.17 | H69: 0.172 | I69: 0.202 | J69: 0.174 | K69: 0.16 | L69: 0.152 | M69: 0.202 | N69: 0.184 | O69: 0.168 | P69: 0.138 | Q69: 0.142 | R69: 0.18 | S69: 0.19 | T69: 0.184 | U69: 0.182 | V69: 0.178 | W69: 0.208 | X69: 0.19 | Y69: 0.192 | Z69: 0.202 | AA69: 0.172 | AB69: 0.186 | AC69: 0.214 | AD69: 0.178 | AE69: 0.206 | AF69: 0.202 | AG69: 0.18 | AH69: 0.216 | AI69: 0.196 | AJ69: 0.222 | AK69: 0.23 | AL69: 0.232 | AM69: 0.242 | AN69: 0.244 | AO69: 0.222 | AP69: 0.222 | AQ69: 0.178 | AR69: 0.178 | AS69: 0.224 | AT69: 0.184 | AU69: 0.212 | AV69: 0.222 | AW69: 0.232 | AX69: 0.2 | AY69: 0.192 | AZ69: 0.242 | BA69: 0.22 | BB69: 0.214 | BC69: 0.23 | BD69: 0.244 | BE69: 0.224 | BF69: 0.23 | BG69: 0.228 | BH69: 0.21 | BI69: 0.202 | BJ69: 0.222 | BK69: 0.212 | BL69: 0.222 | BM69: 0.202 | BN69: 0.212 | BO69: 0.192 | BP69: 0.208 | BQ69: 0.212 | BR69: 0.23 | BS69: 0.238 | BT69: 0.18 | BU69: 0.19 | BV69: 0.192 | BW69: 0.172 | BX69: 0.232 | BY69: 0.162 | BZ69: 0.152 | CA69: 0.174 | CB69: 0.176 | CC69: 0.056 | CD69: 0.226 | CE69: 0.196 | CF69: 0.196 | CG69: 0.204 | CH69: 0.188 | CI69: 0.23 | CJ69: 0.192 | CK69: 0.18 | CL69: 0.214 | CM69: 0.188 | CN69: 0.2 | CO69: 0.214 | CP69: 0.188 | CQ69: 0.174 | CR69: 0.212 | CS69: 0.168 | CT69: 0.174 | CU69: 0.136 | CV69: 0.194 | CW69: 0.194 | CX69: 0.184 | CY69: 0.164 | CZ69: 0.196 | DA69: 0.176 | DB69: 0.19 | DC69: 0.192 | DD69: 0.154 | DE69: 0.134 | DF69: 0.212 | DG69: 0.166 | DH69: 0.184 | DI69: 0.182 | DJ69: 0.138 | DK69: 0.14 | DL69: 0.134 | DM69: 0.188 | DN69: 0.16 | DO69: 0.104 | DP69: 0.142 | DQ69: 0.196 | DR69: 0.208 | DS69: 0.252 | DT69: 0.236 | DU69: 0.194 | DV69: 0.172 | DW69: 0.19 | DX69: 0.148 | DY69: 0.034 | DZ69: 0.118 | EA69: 0.126 | EB69: 0.156 | EC69: 0.056 | ED69: 0.14 | EE69: 0.162 | FT69: =AVERAGE(G69:FR69) -> 0.18784496
A70: 29 | B70: o29 | C70: Final | D70: B | E70: F | F70: 123 | G70: 0.196 | H70: 0.176 | I70: 0.192 | J70: 0.172 | K70: 0.204 | L70: 0.208 | M70: 0.19 | N70: 0.168 | O70: 0.174 | P70: 0.176 | Q70: 0.178 | R70: 0.176 | S70: 0.19 | T70: 0.174 | U70: 0.17 | V70: 0.158 | W70: 0.166 | X70: 0.172 | Y70: 0.184 | Z70: 0.162 | AA70: 0.168 | AB70: 0.152 | AC70: 0.192 | AD70: 0.192 | AE70: 0.182 | AF70: 0.174 | AG70: 0.166 | AH70: 0.176 | AI70: 0.164 | AJ70: 0.178 | AK70: 0.202 | AL70: 0.168 | AM70: 0.166 | AN70: 0.158 | AO70: 0.152 | AP70: 0.154 | AQ70: 0.186 | AR70: 0.188 | AS70: 0.176 | AT70: 0.184 | AU70: 0.168 | AV70: 0.184 | AW70: 0.196 | AX70: 0.178 | AY70: 0.178 | AZ70: 0.19 | BA70: 0.19 | BB70: 0.166 | BC70: 0.178 | BD70: 0.172 | BE70: 0.19 | BF70: 0.194 | BG70: 0.17 | BH70: 0.192 | BI70: 0.186 | BJ70: 0.186 | BK70: 0.192 | BL70: 0.158 | BM70: 0.158 | BN70: 0.144 | BO70: 0.152 | BP70: 0.18 | BQ70: 0.162 | BR70: 0.15 | BS70: 0.164 | BT70: 0.156 | BU70: 0.174 | BV70: 0.196 | BW70: 0.164 | BX70: 0.162 | BY70: 0.168 | BZ70: 0.142 | CA70: 0.138 | CB70: 0.126 | CC70: 0.154 | CD70: 0.16 | CE70: 0.19 | CF70: 0.168 | CG70: 0.166 | CH70: 0.128 | CI70: 0.128 | CJ70: 0.156 | CK70: 0.146 | CL70: 0.154 | CM70: 0.112 | CN70: 0.146 | CO70: 0.14 | CP70: 0.18 | CQ70: 0.18 | CR70: 0.13 | CS70: 0.118 | CT70: 0.16 | CU70: 0.132 | CV70: 0.148 | CW70: 0.138 | CX70: 0.13 | CY70: 0.128 | CZ70: 0.162 | DA70: 0.146 | DB70: 0.122 | DC70: 0.12 | DD70: 0.106 | DE70: 0.106 | DF70: 0.114 | DG70: 0.108 | DH70: 0.106 | DI70: 0.13 | DJ70: 0.126 | DK70: 0.1 | DL70: 0.112 | DM70: 0.116 | DN70: 0.158 | DO70: 0.148 | DP70: 0.156 | DQ70: 0.14 | DR70: 0.152 | DS70: 0.126 | DT70: 0.128 | DU70: 0.132 | DV70: 0.126 | DW70: 0.114 | DX70: 0.094 | DY70: 0.114 | FT70: =AVERAGE(G70:FR70) -> 0.15871545
A71: 30 | B71: o30 | C71: Final | D71: B | E71: F | F71: 120 | G71: 0.146 | H71: 0.172 | I71: 0.18 | J71: 0.188 | K71: 0.15 | L71: 0.172 | M71: 0.202 | N71: 0.216 | O71: 0.222 | P71: 0.204 | Q71: 0.216 | R71: 0.232 | S71: 0.24 | T71: 0.242 | U71: 0.228 | V71: 0.204 | W71: 0.126 | X71: 0.168 | Y71: 0.184 | Z71: 0.184 | AA71: 0.18 | AB71: 0.184 | AC71: 0.186 | AD71: 0.204 | AE71: 0.22 | AF71: 0.206 | AG71: 0.21 | AH71: 0.19 | AI71: 0.212 | AJ71: 0.236 | AK71: 0.23 | AL71: 0.216 | AM71: 0.22 | AN71: 0.232 | AO71: 0.216 | AP71: 0.214 | AQ71: 0.192 | AR71: 0.184 | AS71: 0.21 | AT71: 0.202 | AU71: 0.218 | AV71: 0.218 | AW71: 0.218 | AX71: 0.228 | AY71: 0.26 | AZ71: 0.276 | BA71: 0.24 | BB71: 0.228 | BC71: 0.248 | BD71: 0.25 | BE71: 0.244 | BF71: 0.258 | BG71: 0.242 | BH71: 0.25 | BI71: 0.25 | BJ71: 0.254 | BK71: 0.238 | BL71: 0.218 | BM71: 0.224 | BN71: 0.236 | BO71: 0.22 | BP71: 0.214 | BQ71: 0.246 | BR71: 0.214 | BS71: 0.21 | BT71: 0.198 | BU71: 0.246 | BV71: 0.236 | BW71: 0.254 | BX71: 0.202 | BY71: 0.21 | BZ71: 0.188 | CA71: 0.19 | CB71: 0.214 | CC71: 0.202 | CD71: 0.21 | CE71: 0.204 | CF71: 0.214 | CG71: 0.222 | CH71: 0.222 | CI71: 0.194 | CJ71: 0.194 | CK71: 0.178 | CL71: 0.202 | CM71: 0.21 | CN71: 0.194 | CO71: 0.214 | CP71: 0.174 | CQ71: 0.198 | CR71: 0.194 | CS71: 0.206 | CT71: 0.208 | CU71: 0.222 | CV71: 0.212 | CW71: 0.206 | CX71: 0.22 | CY71: 0.24 | CZ71: 0.206 | DA71: 0.206 | DB71: 0.18 | DC71: 0.162 | DD71: 0.212 | DE71: 0.176 | DF71: 0.2 | DG71: 0.192 | DH71: 0.19 | DI71: 0.184 | DJ71: 0.168 | DK71: 0.174 | DL71: 0.172 | DM71: 0.172 | DN71: 0.196 | DO71: 0.188 | DP71: 0.232 | DQ71: 0.228 | DR71: 0.222 | DS71: 0.198 | DT71: 0.196 | DU71: 0.2 | DV71: 0.176 | FT71: =AVERAGE(G71:FR71) -> 0.20858333
A72: 31 | B72: o31 | C72: Final | D72: B | E72: M | F72: 127 | G72: 0.124 | H72: 0.172 | I72: 0.154 | J72: 0.172 | K72: 0.166 | L72: 0.14 | M72: 0.162 | N72: 0.158 | O72: 0.166 | P72: 0.188 | Q72: 0.148 | R72: 0.18 | S72: 0.144 | T72: 0.166 | U72: 0.156 | V72: 0.16 | W72: 0.16 | X72: 0.15 | Y72: 0.164 | Z72: 0.022 | AA72: 0.104 | AB72: 0.122 | AC72: 0.106 | AD72: 0.132 | AE72: 0.162 | AF72: 0.172 | AG72: 0.198 | AH72: 0.17 | AI72: 0.176 | AJ72: 0.16 | AK72: 0.176 | AL72: 0.17 | AM72: 0.152 | AN72: 0.146 | AO72: 0.148 | AP72: 0.172 | AQ72: 0.168 | AR72: 0.158 | AS72: 0.14 | AT72: 0.138 | AU72: 0.16 | AV72: 0.166 | AW72: 0.164 | AX72: 0.156 | AY72: 0.14 | AZ72: 0.144 | BA72: 0.158 | BB72: 0.14 | BC72: 0.148 | BD72: 0.144 | BE72: 0.148 | BF72: 0.16 | BG72: 0.144 | BH72: 0.138 | BI72: 0.128 | BJ72: 0.136 | BK72: 0.146 | BL72: 0.126 | BM72: 0.158 | BN72: 0.154 | BO72: 0.15 | BP72: 0.146 | BQ72: 0.154 | BR72: 0.15 | BS72: 0.132 | BT72: 0.118 | BU72: 0.15 | BV72: 0.106 | BW72: 0.156 | BX72: 0.118 | BY72: 0.13 | BZ72: 0.128 | CA72: 0.122 | CB72: 0.142 | CC72: 0.128 | CD72: 0.132 | CE72: 0.148 | CF72: 0.144 | CG72: 0.13 | CH72: 0.112 | CI72: 0.094 | CJ72: 0.13 | CK72: 0.154 | CL72: 0.124 | CM72: 0.134 | CN72: 0.142 | CO72: 0.138 | CP72: 0.138 | CQ72: 0.124 | CR72: 0.124 | CS72: 0.1 | CT72: 0.136 | CU72: 0.134 | CV72: 0.154 | CW72: 0.148 | CX72: 0.11 | CY72: 0.09 | CZ72: 0.104 | DA72: 0.124 | DB72: 0.124 | DC72: 0.122 | DD72: 0.1 | DE72: 0.114 | DF72: 0.12 | DG72: 0.12 | DH72: 0.118 | DI72: 0.12 | DJ72: 0.106 | DK72: 0.108 | DL72: 0.132 | DM72: 0.118 | DN72: 0.098 | DO72: 0.128 | DP72: 0.098 | DQ72: 0.132 | DR72: 0.108 | DS72: 0.128 | DT72: 0.138 | DU72: 0.124 | DV72: 0.136 | DW72: 0.118 | DX72: 0.122 | DY72: 0.114 | DZ72: 0.138 | EA72: 0.12 | EB72: 0.122 | EC72: 0.124 | FT72: =AVERAGE(G72:FR72) -> 0.13801575
A73: 32 | B73: o32 | C73: Final | D73: B | E73: M | F73: 129 | G73: 0.118 | H73: 0.174 | I73: 0.16 | J73: 0.194 | K73: 0.15 | L73: 0.166 | M73: 0.164 | N73: 0.14 | O73: 0.17 | P73: 0.156 | Q73: 0.172 | R73: 0.108 | S73: 0.164 | T73: 0.154 | U73: 0.166 | V73: 0.166 | W73: 0.182 | X73: 0.186 | Y73: 0.182 | Z73: 0.15 | AA73: 0.164 | AB73: 0.148 | AC73: 0.18 | AD73: 0.174 | AE73: 0.172 | AF73: 0.176 | AG73: 0.192 | AH73: 0.168 | AI73: 0.174 | AJ73: 0.196 | AK73: 0.178 | AL73: 0.18 | AM73: 0.198 | AN73: 0.18 | AO73: 0.198 | AP73: 0.18 | AQ73: 0.214 | AR73: 0.216 | AS73: 0.178 | AT73: 0.178 | AU73: 0.2 | AV73: 0.176 | AW73: 0.186 | AX73: 0.152 | AY73: 0.176 | AZ73: 0.16 | BA73: 0.17 | BB73: 0.212 | BC73: 0.188 | BD73: 0.152 | BE73: 0.186 | BF73: 0.162 | BG73: 0.186 | BH73: 0.176 | BI73: 0.168 | BJ73: 0.204 | BK73: 0.182 | BL73: 0.182 | BM73: 0.176 | BN73: 0.166 | BO73: 0.154 | BP73: 0.156 | BQ73: 0.152 | BR73: 0.172 | BS73: 0.184 | BT73: 0.186 | BU73: 0.144 | BV73: 0.178 | BW73: 0.188 | BX73: 0.152 | BY73: 0.142 | BZ73: 0.158 | CA73: 0.13 | CB73: 0.154 | CC73: 0.146 | CD73: 0.152 | CE73: 0.146 | CF73: 0.14 | CG73: 0.15 | CH73: 0.158 | CI73: 0.136 | CJ73: 0.14 | CK73: 0.13 | CL73: 0.114 | CM73: 0.082 | CN73: 0.082 | CO73: 0.102 | CP73: 0.086 | CQ73: 0.116 | CR73: 0.14 | CS73: 0.124 | CT73: 0.164 | CU73: 0.162 | CV73: 0.154 | CW73: 0.104 | CX73: 0.126 | CY73: 0.108 | CZ73: 0.158 | DA73: 0.136 | DB73: 0.14 | DC73: 0.158 | DD73: 0.16 | DE73: 0.146 | DF73: 0.116 | DG73: 0.128 | DH73: 0.106 | DI73: 0.142 | DJ73: 0.13 | DK73: 0.122 | DL73: 0.118 | DM73: 0.12 | DN73: 0.11 | DO73: 0.112 | DP73: 0.156 | DQ73: 0.192 | DR73: 0.184 | DS73: 0.12 | DT73: 0.118 | DU73: 0.122 | DV73: 0.102 | DW73: 0.138 | DX73: 0.098 | DY73: 0.076 | DZ73: 0.088 | EA73: 0.062 | EB73: 0.11 | EC73: 0.106 | ED73: 0.09 | EE73: 0.124 | FT73: =AVERAGE(G73:FR73) -> 0.15213953
